-- phpMyAdmin SQL Dump
-- version 4.9.5
-- https://www.phpmyadmin.net/
--
-- Host: localhost:3306
-- Generation Time: May 25, 2021 at 11:16 AM
-- Server version: 5.6.41-84.1
-- PHP Version: 7.3.27

SET SQL_MODE = "NO_AUTO_VALUE_ON_ZERO";
SET AUTOCOMMIT = 0;
START TRANSACTION;
SET time_zone = "+00:00";


/*!40101 SET @OLD_CHARACTER_SET_CLIENT=@@CHARACTER_SET_CLIENT */;
/*!40101 SET @OLD_CHARACTER_SET_RESULTS=@@CHARACTER_SET_RESULTS */;
/*!40101 SET @OLD_COLLATION_CONNECTION=@@COLLATION_CONNECTION */;
/*!40101 SET NAMES utf8mb4 */;

--
-- Database: `anotherl_butterfly_tracker`
--

-- --------------------------------------------------------

--
-- Table structure for table `track_202130_animals`
--

CREATE TABLE `track_202130_animals` (
  `id` int(13) NOT NULL,
  `user_id` int(13) NOT NULL,
  `name` varchar(64) COLLATE utf8_unicode_ci NOT NULL,
  `type` varchar(64) COLLATE utf8_unicode_ci DEFAULT NULL,
  `breed` varchar(256) COLLATE utf8_unicode_ci DEFAULT NULL,
  `description` varchar(64) COLLATE utf8_unicode_ci DEFAULT NULL,
  `img` varchar(64) COLLATE utf8_unicode_ci DEFAULT NULL,
  `date_create` datetime DEFAULT NULL
) ENGINE=InnoDB DEFAULT CHARSET=utf8 COLLATE=utf8_unicode_ci;

--
-- Dumping data for table `track_202130_animals`
--

INSERT INTO `track_202130_animals` (`id`, `user_id`, `name`, `type`, `breed`, `description`, `img`, `date_create`) VALUES
(1, 5, 'Bitrex', 'butterflies', 'black swallowtail', 'Commodo occaecat eiusmod laborum ullamco consectetur aliqua. Rep', 'https://via.placeholder.com/400/937/fff/?text=Bitrex', '2020-04-17 04:06:02'),
(2, 8, 'Luxuria', 'dogs', 'labrador retriever', 'Dolore cupidatat sint nisi mollit excepteur veniam duis deserunt', 'https://via.placeholder.com/400/835/fff/?text=Luxuria', '2020-03-13 12:04:48'),
(3, 1, 'Renovize', 'dogs', 'labrador retriever', 'Nulla ad ea occaecat sint ipsum deserunt aliquip dolor. Tempor n', 'https://via.placeholder.com/400/951/fff/?text=Renovize', '2020-06-01 08:11:00'),
(4, 3, 'Oceanica', 'horses', 'campolina', 'Ex adipisicing sunt veniam aliqua tempor consectetur amet. Quis ', 'https://via.placeholder.com/400/767/fff/?text=Oceanica', '2020-08-08 11:01:43'),
(5, 5, 'Slumberia', 'horses', 'orlov trotter', 'Labore enim ullamco ullamco sint exercitation anim labore deseru', 'https://via.placeholder.com/400/872/fff/?text=Slumberia', '2020-09-07 10:37:06'),
(6, 8, 'Duoflex', 'butterflies', 'Limenitis arthemis', 'Adipisicing eu elit quis ex cupidatat exercitation eiusmod. Dolo', 'https://via.placeholder.com/400/952/fff/?text=Duoflex', '2020-04-30 12:52:02'),
(7, 5, 'Tropolis', 'butterflies', 'Limenitis arthemis', 'In nisi occaecat cillum velit occaecat tempor labore officia fug', 'https://via.placeholder.com/400/752/fff/?text=Tropolis', '2020-05-13 03:47:00'),
(8, 10, 'Ecraze', 'horses', 'campolina', 'Id anim ut irure do excepteur elit velit. Reprehenderit aliqua q', 'https://via.placeholder.com/400/875/fff/?text=Ecraze', '2021-02-18 10:45:02'),
(9, 10, 'Imkan', 'dogs', 'german sheperd', 'Cillum adipisicing quis sit labore aliqua dolore. Quis cillum fu', 'https://via.placeholder.com/400/890/fff/?text=Imkan', '2020-07-18 08:35:38'),
(10, 7, 'Papricut', 'butterflies', 'monarch', 'Voluptate ea anim dolor nisi ipsum proident culpa. Consequat con', 'https://via.placeholder.com/400/741/fff/?text=Papricut', '2021-05-01 07:44:05'),
(11, 4, 'Chillium', 'dogs', 'labrador retriever', 'Ex non eu eu irure dolor nulla elit magna adipisicing cillum des', 'https://via.placeholder.com/400/742/fff/?text=Chillium', '2020-09-13 04:56:53'),
(12, 5, 'Xiix', 'dogs', 'yokshire terrier', 'Laboris nisi cillum amet nostrud deserunt proident. Proident pro', 'https://via.placeholder.com/400/850/fff/?text=Xiix', '2021-02-15 12:21:59'),
(13, 8, 'Senmao', 'horses', 'andalusian', 'Esse proident fugiat pariatur fugiat veniam adipisicing minim mo', 'https://via.placeholder.com/400/969/fff/?text=Senmao', '2020-12-17 04:35:21'),
(14, 2, 'Isologics', 'dogs', 'yokshire terrier', 'Aliquip occaecat nostrud occaecat non non exercitation sunt sint', 'https://via.placeholder.com/400/851/fff/?text=Isologics', '2020-01-04 01:50:41'),
(15, 7, 'Quilk', 'dogs', 'german sheperd', 'Consectetur laboris minim culpa eu amet ullamco sunt eiusmod. Nu', 'https://via.placeholder.com/400/759/fff/?text=Quilk', '2020-10-31 01:15:15'),
(16, 9, 'Eternis', 'horses', 'orlov trotter', 'Deserunt consequat in proident occaecat qui exercitation volupta', 'https://via.placeholder.com/400/759/fff/?text=Eternis', '2020-08-20 10:53:08'),
(17, 8, 'Firewax', 'butterflies', 'monarch', 'Quis incididunt incididunt ea amet exercitation. Aute ullamco ei', 'https://via.placeholder.com/400/902/fff/?text=Firewax', '2020-02-15 04:52:16'),
(18, 8, 'Farmex', 'horses', 'andalusian', 'Minim velit irure veniam labore incididunt nulla cillum velit ul', 'https://via.placeholder.com/400/897/fff/?text=Farmex', '2020-08-17 01:40:51'),
(19, 1, 'Zoxy', 'butterflies', 'monarch', 'Consectetur duis minim commodo pariatur adipisicing adipisicing ', 'https://via.placeholder.com/400/748/fff/?text=Zoxy', '2020-10-12 03:02:29'),
(20, 4, 'Dyno', 'dogs', 'labrador retriever', 'Eiusmod reprehenderit elit nulla tempor. Cillum sit adipisicing ', 'https://via.placeholder.com/400/994/fff/?text=Dyno', '2020-07-06 05:50:03'),
(21, 3, 'Dognosis', 'butterflies', 'Limenitis arthemis', 'Mollit commodo exercitation pariatur quis ea aliquip commodo ame', 'https://via.placeholder.com/400/791/fff/?text=Dognosis', '2020-02-04 04:55:46'),
(22, 1, 'Zilch', 'dogs', 'labrador retriever', 'Excepteur eiusmod labore quis ullamco esse elit culpa exercitati', 'https://via.placeholder.com/400/744/fff/?text=Zilch', '2020-07-03 09:37:06'),
(23, 2, 'Lingoage', 'horses', 'orlov trotter', 'Minim ipsum adipisicing minim elit dolor. Voluptate laboris veli', 'https://via.placeholder.com/400/933/fff/?text=Lingoage', '2020-03-14 10:20:23'),
(24, 7, 'Centregy', 'butterflies', 'black swallowtail', 'Sunt culpa ea pariatur magna tempor aliqua aute ea labore dolor ', 'https://via.placeholder.com/400/836/fff/?text=Centregy', '2021-03-31 03:31:35'),
(25, 1, 'Pawnagra', 'dogs', 'yokshire terrier', 'Nisi ullamco nulla amet ex in magna aute. Excepteur in incididun', 'https://via.placeholder.com/400/767/fff/?text=Pawnagra', '2020-02-14 02:58:30'),
(26, 3, 'Portica', 'butterflies', 'Limenitis arthemis', 'Lorem laborum ipsum eiusmod eiusmod sunt non. Laborum consequat ', 'https://via.placeholder.com/400/996/fff/?text=Portica', '2021-03-10 03:59:30'),
(27, 1, 'Bullzone', 'dogs', 'yokshire terrier', 'Deserunt id ea sint consequat sint sunt cillum. Veniam velit ali', 'https://via.placeholder.com/400/951/fff/?text=Bullzone', '2020-06-05 01:19:31'),
(28, 1, 'Talkalot', 'dogs', 'labrador retriever', 'Aute incididunt duis adipisicing anim eu enim. Ullamco ullamco c', 'https://via.placeholder.com/400/744/fff/?text=Talkalot', '2021-01-25 01:33:55'),
(29, 1, 'Netplode', 'dogs', 'labrador retriever', 'Labore cillum mollit exercitation cupidatat irure culpa. In duis', 'https://via.placeholder.com/400/733/fff/?text=Netplode', '2020-01-08 02:11:55'),
(30, 7, 'Geeketron', 'horses', 'andalusian', 'Ea dolore sit veniam quis commodo dolore. Pariatur aliquip ullam', 'https://via.placeholder.com/400/958/fff/?text=Geeketron', '2020-06-28 08:44:24'),
(31, 8, 'Zilphur', 'butterflies', 'Limenitis arthemis', 'Mollit commodo proident amet pariatur non nisi deserunt dolore d', 'https://via.placeholder.com/400/938/fff/?text=Zilphur', '2020-07-01 12:03:29'),
(32, 2, 'Maxemia', 'dogs', 'yokshire terrier', 'Quis in ullamco magna veniam adipisicing minim occaecat sit veni', 'https://via.placeholder.com/400/931/fff/?text=Maxemia', '2020-07-15 10:08:04'),
(33, 4, 'Ceprene', 'dogs', 'yokshire terrier', 'Ut anim adipisicing ipsum ullamco nulla. Minim commodo laboris t', 'https://via.placeholder.com/400/832/fff/?text=Ceprene', '2020-05-22 08:49:07'),
(34, 7, 'Digigen', 'butterflies', 'monarch', 'Id esse dolor laboris occaecat elit cupidatat aute eu laborum no', 'https://via.placeholder.com/400/724/fff/?text=Digigen', '2020-10-02 10:47:56'),
(35, 7, 'Protodyne', 'dogs', 'labrador retriever', 'Nisi reprehenderit voluptate dolore labore irure ullamco tempor ', 'https://via.placeholder.com/400/790/fff/?text=Protodyne', '2020-06-23 05:47:58'),
(36, 6, 'Strozen', 'dogs', 'labrador retriever', 'Eu ad commodo ipsum deserunt irure voluptate nulla ut tempor ame', 'https://via.placeholder.com/400/915/fff/?text=Strozen', '2021-03-31 07:47:37'),
(37, 4, 'Xixan', 'dogs', 'labrador retriever', 'Minim eiusmod nisi aliqua dolore esse do. Consequat dolore ea et', 'https://via.placeholder.com/400/938/fff/?text=Xixan', '2021-04-15 01:06:31'),
(38, 10, 'Telequiet', 'horses', 'orlov trotter', 'Proident Lorem occaecat ut enim. Consequat esse eu aliqua ad iru', 'https://via.placeholder.com/400/863/fff/?text=Telequiet', '2021-01-08 03:25:22'),
(39, 3, 'Magnemo', 'butterflies', 'black swallowtail', 'Proident pariatur incididunt ad incididunt exercitation sit veli', 'https://via.placeholder.com/400/862/fff/?text=Magnemo', '2020-01-29 08:06:26'),
(40, 5, 'Halap', 'horses', 'andalusian', 'Id laborum sit minim sint labore sint. Irure cupidatat tempor am', 'https://via.placeholder.com/400/841/fff/?text=Halap', '2020-06-04 01:50:40'),
(41, 10, 'Corepan', 'butterflies', 'Limenitis arthemis', 'Voluptate amet reprehenderit id cillum mollit labore adipisicing', 'https://via.placeholder.com/400/825/fff/?text=Corepan', '2020-05-16 07:29:17'),
(42, 6, 'Idealis', 'butterflies', 'black swallowtail', 'Duis esse id ullamco duis tempor adipisicing in. Excepteur cupid', 'https://via.placeholder.com/400/875/fff/?text=Idealis', '2020-09-05 12:40:42'),
(43, 2, 'Pyramia', 'butterflies', 'black swallowtail', 'Amet adipisicing do magna fugiat id irure culpa. Labore sunt ame', 'https://via.placeholder.com/400/815/fff/?text=Pyramia', '2021-01-19 05:03:06'),
(44, 2, 'Imperium', 'dogs', 'yokshire terrier', 'Ad elit elit do irure. Cupidatat qui enim eiusmod sunt mollit no', 'https://via.placeholder.com/400/708/fff/?text=Imperium', '2021-04-14 12:48:23'),
(45, 7, 'Billmed', 'horses', 'orlov trotter', 'Non nisi dolore velit cillum ad pariatur. Laborum laborum consec', 'https://via.placeholder.com/400/877/fff/?text=Billmed', '2020-08-09 02:53:32'),
(46, 9, 'Fanfare', 'horses', 'campolina', 'Est laboris culpa aute aute adipisicing fugiat non nisi sunt. Ad', 'https://via.placeholder.com/400/974/fff/?text=Fanfare', '2021-03-25 10:09:30'),
(47, 3, 'Unia', 'horses', 'campolina', 'Ipsum consectetur quis cupidatat elit mollit ut enim ullamco ex ', 'https://via.placeholder.com/400/988/fff/?text=Unia', '2020-01-16 06:02:39'),
(48, 9, 'Pasturia', 'horses', 'orlov trotter', 'Nisi magna sit reprehenderit adipisicing enim aute non esse eius', 'https://via.placeholder.com/400/914/fff/?text=Pasturia', '2021-02-16 02:19:38'),
(49, 3, 'Mangelica', 'butterflies', 'monarch', 'Sint enim non eu id do velit dolore anim amet duis mollit. Irure', 'https://via.placeholder.com/400/787/fff/?text=Mangelica', '2020-03-14 06:12:40'),
(50, 9, 'Digirang', 'horses', 'campolina', 'Excepteur laborum elit pariatur nulla veniam. Anim cupidatat est', 'https://via.placeholder.com/400/912/fff/?text=Digirang', '2020-04-19 07:26:26');

-- --------------------------------------------------------

--
-- Table structure for table `track_202130_locations`
--

CREATE TABLE `track_202130_locations` (
  `id` int(13) NOT NULL,
  `animal_id` int(13) NOT NULL,
  `lat` decimal(10,0) NOT NULL,
  `lng` decimal(11,0) NOT NULL,
  `description` text COLLATE utf8_unicode_ci NOT NULL,
  `photo` varchar(256) COLLATE utf8_unicode_ci NOT NULL,
  `icon` varchar(256) COLLATE utf8_unicode_ci NOT NULL,
  `date_create` datetime DEFAULT NULL
) ENGINE=InnoDB DEFAULT CHARSET=utf8 COLLATE=utf8_unicode_ci;

--
-- Dumping data for table `track_202130_locations`
--

INSERT INTO `track_202130_locations` (`id`, `animal_id`, `lat`, `lng`, `description`, `photo`, `icon`, `date_create`) VALUES
(1, 45, 13, 28, 'Duis tempor et dolore commodo nulla Lorem eiusmod. Dolor duis officia occaecat consectetur fugiat culpa Lorem nulla qui consectetur magna et do mollit. Laboris ipsum dolor cillum ea culpa quis et occaecat id velit nulla.', 'https://via.placeholder.com/400/', 'https://via.placeholder.com/400/?text=ICON', '2020-09-20 08:08:27'),
(2, 24, 22, 33, 'Elit irure consequat aute dolore incididunt ex occaecat exercitation mollit. Tempor veniam nostrud veniam elit eiusmod magna irure incididunt esse et. Reprehenderit mollit aliquip eiusmod Lorem voluptate qui nisi sint dolore laboris nisi veniam cupidatat.', 'https://via.placeholder.com/400/', 'https://via.placeholder.com/400/?text=ICON', '2020-05-28 10:05:27'),
(3, 18, 5, 13, 'Nulla in velit qui nulla anim laboris laborum cupidatat. Quis sit amet labore nulla sint in ea qui cupidatat duis irure ullamco. Anim duis anim est enim voluptate ex incididunt amet dolore nisi.', 'https://via.placeholder.com/400/', 'https://via.placeholder.com/400/?text=ICON', '2020-10-18 09:37:05'),
(4, 34, 18, 34, 'Commodo tempor do qui in est excepteur laboris anim anim velit. Consequat nulla ut ipsum deserunt cupidatat ullamco pariatur nulla deserunt quis anim tempor. Deserunt Lorem ullamco dolore Lorem do esse amet minim duis eu officia eu.', 'https://via.placeholder.com/400/', 'https://via.placeholder.com/400/?text=ICON', '2020-06-18 09:02:50'),
(5, 42, 14, 35, 'Non mollit magna sit adipisicing incididunt proident in ex nostrud Lorem esse commodo. Deserunt aute consectetur do aute velit velit Lorem culpa deserunt. Eu aliqua eiusmod amet dolore est ut esse do exercitation culpa mollit exercitation ipsum consequat.', 'https://via.placeholder.com/400/', 'https://via.placeholder.com/400/?text=ICON', '2020-05-20 03:41:34'),
(6, 11, 30, 14, 'Elit irure fugiat ad aliquip minim anim pariatur consequat sit est velit excepteur duis. Ex non incididunt ullamco velit do magna velit nulla excepteur cillum. Proident fugiat ullamco ea deserunt.', 'https://via.placeholder.com/400/', 'https://via.placeholder.com/400/?text=ICON', '2020-07-29 06:24:05'),
(7, 42, 33, 13, 'Culpa laborum amet commodo excepteur et elit duis anim pariatur dolore. Mollit veniam non velit reprehenderit tempor esse consectetur. Proident consequat irure et duis occaecat anim culpa.', 'https://via.placeholder.com/400/', 'https://via.placeholder.com/400/?text=ICON', '2021-02-18 12:52:48'),
(8, 21, 8, 33, 'Tempor ad anim velit mollit ullamco amet labore ad eiusmod tempor. Adipisicing incididunt voluptate cupidatat sunt proident. Nulla ea aliqua ad voluptate nisi Lorem sit exercitation.', 'https://via.placeholder.com/400/', 'https://via.placeholder.com/400/?text=ICON', '2020-02-05 06:57:01'),
(9, 2, 18, 25, 'Et laboris laborum aliqua officia ullamco labore ea anim reprehenderit. Et irure nulla officia sunt commodo adipisicing labore culpa exercitation ut excepteur enim enim. Ad esse id culpa enim in consequat qui labore eiusmod labore.', 'https://via.placeholder.com/400/', 'https://via.placeholder.com/400/?text=ICON', '2020-10-13 10:05:18'),
(10, 49, 22, 17, 'Aliquip ipsum ex ut laboris eu officia aliqua. Lorem qui est deserunt est commodo qui non ipsum fugiat. Laboris dolore sunt dolore culpa.', 'https://via.placeholder.com/400/', 'https://via.placeholder.com/400/?text=ICON', '2020-04-12 09:29:01'),
(11, 36, 9, 0, 'Aliqua quis ipsum velit ex occaecat enim ullamco in dolor anim ipsum cillum labore. Dolore et cupidatat pariatur sit aliqua ad nostrud commodo nulla. Tempor labore mollit ipsum elit id.', 'https://via.placeholder.com/400/', 'https://via.placeholder.com/400/?text=ICON', '2020-03-05 10:15:40'),
(12, 14, 34, 10, 'Laboris aute quis et incididunt ullamco laboris duis quis fugiat. Consequat ipsum in laborum ex. Esse exercitation anim enim adipisicing aute mollit consectetur do.', 'https://via.placeholder.com/400/', 'https://via.placeholder.com/400/?text=ICON', '2020-08-25 11:30:55'),
(13, 43, 6, 6, 'Elit minim veniam commodo excepteur tempor cillum proident tempor do Lorem. Exercitation anim nisi magna duis sunt dolore nulla officia non tempor occaecat. Incididunt eu eu labore minim do occaecat elit ad aliqua sunt.', 'https://via.placeholder.com/400/', 'https://via.placeholder.com/400/?text=ICON', '2020-07-25 07:57:11'),
(14, 25, 1, 0, 'Nulla duis ullamco consectetur aute labore duis. Minim excepteur eiusmod voluptate proident ea duis consequat. Reprehenderit et incididunt aliquip do cupidatat do.', 'https://via.placeholder.com/400/', 'https://via.placeholder.com/400/?text=ICON', '2020-09-10 02:35:09'),
(15, 49, 19, 26, 'Ipsum minim ad et enim id proident deserunt dolor nisi voluptate enim quis. Nulla incididunt eiusmod veniam consequat in irure. Esse nulla proident deserunt exercitation adipisicing.', 'https://via.placeholder.com/400/', 'https://via.placeholder.com/400/?text=ICON', '2020-07-26 05:24:28'),
(16, 4, 25, 22, 'Est sit deserunt tempor ad nisi nostrud irure dolore ad aliqua proident. Consectetur reprehenderit veniam excepteur incididunt velit eu magna cupidatat excepteur. Sit tempor minim velit exercitation et sunt in Lorem tempor qui officia dolor laboris magna.', 'https://via.placeholder.com/400/', 'https://via.placeholder.com/400/?text=ICON', '2020-09-05 07:02:02'),
(17, 32, 27, 0, 'Deserunt anim eiusmod occaecat sint voluptate velit officia. Laboris esse laboris officia quis ad commodo. Lorem anim officia sit cillum sunt est voluptate ullamco nulla.', 'https://via.placeholder.com/400/', 'https://via.placeholder.com/400/?text=ICON', '2020-12-15 04:37:14'),
(18, 31, 10, 8, 'Proident ad exercitation esse et ipsum laboris et aute excepteur et ipsum fugiat non occaecat. Laborum tempor Lorem incididunt commodo. Magna quis non ad sit magna tempor eiusmod consectetur mollit officia reprehenderit consectetur.', 'https://via.placeholder.com/400/', 'https://via.placeholder.com/400/?text=ICON', '2021-02-10 07:29:49'),
(19, 36, 17, 1, 'Duis officia ex consequat do laboris pariatur eiusmod officia laborum id eu incididunt. Consectetur ut fugiat enim fugiat non. Nostrud dolore cupidatat laboris mollit elit aute ex sint elit do.', 'https://via.placeholder.com/400/', 'https://via.placeholder.com/400/?text=ICON', '2021-03-22 06:30:21'),
(20, 10, 27, 27, 'Esse consectetur aliqua nisi veniam fugiat est duis est cillum culpa dolor. Nulla mollit ea aute aliquip non anim eiusmod est in do exercitation. Anim ipsum tempor voluptate sint deserunt anim velit magna.', 'https://via.placeholder.com/400/', 'https://via.placeholder.com/400/?text=ICON', '2020-08-29 08:38:28'),
(21, 23, 32, 10, 'Culpa pariatur occaecat duis anim irure ea ipsum veniam. Magna deserunt elit ad do labore laborum. Enim consectetur culpa enim dolore cillum labore.', 'https://via.placeholder.com/400/', 'https://via.placeholder.com/400/?text=ICON', '2021-01-22 06:23:09'),
(22, 41, 23, 29, 'Nisi ea voluptate ut et est sunt est. Non ex consequat exercitation id officia. Ullamco culpa excepteur et fugiat aute irure irure mollit eiusmod ex laborum.', 'https://via.placeholder.com/400/', 'https://via.placeholder.com/400/?text=ICON', '2020-05-26 08:45:13'),
(23, 46, 14, 7, 'Enim sit id consectetur fugiat nisi et irure commodo esse qui in est consequat sunt. Pariatur cupidatat fugiat ea amet minim labore irure ex nisi anim qui. Ipsum aliqua enim fugiat id exercitation sint ea consectetur consequat.', 'https://via.placeholder.com/400/', 'https://via.placeholder.com/400/?text=ICON', '2020-12-07 10:34:25'),
(24, 25, 20, 20, 'Excepteur ex cillum non mollit id magna aliquip minim nisi amet excepteur. Proident ea officia ullamco anim enim ex aute ullamco. Esse dolor enim ad dolor in sit et ut excepteur deserunt proident.', 'https://via.placeholder.com/400/', 'https://via.placeholder.com/400/?text=ICON', '2020-05-25 05:44:15'),
(25, 23, 3, 5, 'Do aliquip excepteur laboris enim ex laboris laborum quis elit ea incididunt ullamco. Consequat voluptate dolore amet amet ex proident irure. Do cupidatat culpa qui sit.', 'https://via.placeholder.com/400/', 'https://via.placeholder.com/400/?text=ICON', '2020-06-09 08:07:10'),
(26, 30, 19, 27, 'Qui eu sint nisi duis dolor non excepteur exercitation. Aute occaecat labore ullamco aliqua. Laboris elit fugiat dolore duis officia sunt veniam consectetur ad officia sunt nisi id.', 'https://via.placeholder.com/400/', 'https://via.placeholder.com/400/?text=ICON', '2020-05-14 02:55:11'),
(27, 36, -1, 34, 'Eu id minim cupidatat aliqua. Veniam id cillum do dolor anim eu dolore aliqua officia amet proident culpa magna. Aute et dolore sit esse labore laboris exercitation commodo do anim cillum consectetur consectetur.', 'https://via.placeholder.com/400/', 'https://via.placeholder.com/400/?text=ICON', '2021-04-26 06:34:34'),
(28, 10, 4, 25, 'Elit ut duis dolore non est magna laboris. Reprehenderit minim irure Lorem sunt exercitation mollit adipisicing. Voluptate occaecat occaecat laboris eiusmod cillum pariatur duis fugiat fugiat dolor officia cupidatat duis ex.', 'https://via.placeholder.com/400/', 'https://via.placeholder.com/400/?text=ICON', '2020-05-01 04:41:11'),
(29, 7, 13, 36, 'Aliqua qui pariatur et proident fugiat fugiat pariatur proident tempor eu ipsum. Esse in incididunt occaecat consectetur sint reprehenderit voluptate occaecat minim. Irure tempor culpa culpa reprehenderit minim elit amet aute minim commodo.', 'https://via.placeholder.com/400/', 'https://via.placeholder.com/400/?text=ICON', '2020-06-22 03:19:47'),
(30, 48, 36, 24, 'Aliqua cupidatat ipsum dolore aliqua. In eiusmod mollit nostrud eiusmod mollit amet commodo. Sint ullamco voluptate enim Lorem cupidatat officia voluptate excepteur et id eiusmod.', 'https://via.placeholder.com/400/', 'https://via.placeholder.com/400/?text=ICON', '2020-05-23 05:16:43'),
(31, 31, 34, 19, 'Non amet duis laborum laborum exercitation exercitation eu ipsum excepteur. Nisi duis minim mollit sit consequat culpa id duis do exercitation consectetur voluptate tempor voluptate. Quis incididunt nostrud enim proident sint nulla ullamco adipisicing ipsum.', 'https://via.placeholder.com/400/', 'https://via.placeholder.com/400/?text=ICON', '2021-02-07 10:45:03'),
(32, 24, 31, 33, 'Fugiat qui magna eiusmod excepteur et sunt. Commodo sint esse esse deserunt et proident commodo reprehenderit. Reprehenderit pariatur sit Lorem laboris tempor nostrud laborum elit qui incididunt.', 'https://via.placeholder.com/400/', 'https://via.placeholder.com/400/?text=ICON', '2020-02-23 11:16:41'),
(33, 39, 1, 17, 'Irure eu amet sint do enim. Sunt ad anim ad nulla do velit consequat mollit aliqua. Tempor eu officia aliqua minim eiusmod labore irure aute non cillum consequat eu.', 'https://via.placeholder.com/400/', 'https://via.placeholder.com/400/?text=ICON', '2020-02-02 12:01:49'),
(34, 37, 35, 4, 'Id eiusmod ea enim eiusmod. Anim sit mollit nulla commodo deserunt reprehenderit consequat incididunt. Dolore laboris incididunt nulla ipsum proident anim ad occaecat Lorem.', 'https://via.placeholder.com/400/', 'https://via.placeholder.com/400/?text=ICON', '2021-04-22 08:38:42'),
(35, 11, 21, 8, 'Culpa eiusmod pariatur commodo sunt adipisicing id. Sunt nostrud occaecat sunt sunt esse voluptate id incididunt. Fugiat tempor ad do non officia amet excepteur laboris occaecat reprehenderit.', 'https://via.placeholder.com/400/', 'https://via.placeholder.com/400/?text=ICON', '2020-08-15 03:07:15'),
(36, 6, 4, 6, 'Irure ullamco esse sunt amet cupidatat veniam sint nostrud veniam dolore amet. Sunt officia minim id consectetur fugiat laboris reprehenderit quis exercitation proident Lorem laboris cupidatat. Aute Lorem ut amet voluptate cillum laboris ullamco est.', 'https://via.placeholder.com/400/', 'https://via.placeholder.com/400/?text=ICON', '2020-08-23 08:55:25'),
(37, 28, 31, 26, 'Sunt dolor non exercitation et mollit do sint excepteur aute sint. Nostrud quis ullamco cillum culpa. Irure esse magna consequat sint id enim.', 'https://via.placeholder.com/400/', 'https://via.placeholder.com/400/?text=ICON', '2020-02-19 10:37:51'),
(38, 20, 0, 3, 'Anim laboris aliquip esse nisi. Est consectetur incididunt velit cillum elit sunt eiusmod ullamco cupidatat. Incididunt ut mollit sit ullamco sit dolor Lorem ullamco proident elit ullamco.', 'https://via.placeholder.com/400/', 'https://via.placeholder.com/400/?text=ICON', '2021-01-01 03:55:48'),
(39, 17, 31, 11, 'Adipisicing in non consectetur laboris officia. Incididunt minim ex magna adipisicing. Reprehenderit qui dolore excepteur laborum consectetur nisi exercitation nisi do aliquip mollit aliquip dolore qui.', 'https://via.placeholder.com/400/', 'https://via.placeholder.com/400/?text=ICON', '2020-09-17 06:14:50'),
(40, 27, 25, 22, 'Ut reprehenderit aute occaecat laborum mollit aliquip mollit laboris commodo. Ut ut tempor dolore ad officia nostrud nostrud culpa Lorem anim sit nostrud. Voluptate do anim elit occaecat ullamco culpa eiusmod dolor et aliqua cupidatat dolor et.', 'https://via.placeholder.com/400/', 'https://via.placeholder.com/400/?text=ICON', '2020-10-18 02:43:17'),
(41, 26, 15, 27, 'Cupidatat ullamco nostrud enim ut irure nulla minim amet ipsum quis. Quis ex fugiat non voluptate in laborum. Pariatur incididunt do adipisicing nulla irure do quis officia laboris fugiat commodo.', 'https://via.placeholder.com/400/', 'https://via.placeholder.com/400/?text=ICON', '2020-04-08 07:11:13'),
(42, 29, 20, 8, 'Quis commodo irure laborum labore amet amet sunt. Deserunt quis incididunt cillum aliquip commodo incididunt duis et. Labore qui consequat eu veniam culpa sint fugiat.', 'https://via.placeholder.com/400/', 'https://via.placeholder.com/400/?text=ICON', '2020-04-25 07:01:50'),
(43, 24, 16, 10, 'Laborum sit pariatur anim incididunt adipisicing eiusmod. Non incididunt commodo nostrud aliquip cillum magna exercitation ut nostrud anim. Est ullamco excepteur nostrud aliquip id commodo esse excepteur excepteur proident aliquip.', 'https://via.placeholder.com/400/', 'https://via.placeholder.com/400/?text=ICON', '2021-03-17 04:57:51'),
(44, 32, 23, 26, 'Et eiusmod commodo duis ea aliquip qui occaecat do. Ullamco id reprehenderit excepteur in quis et esse consectetur. Mollit voluptate do est adipisicing incididunt qui tempor excepteur nulla sunt dolor.', 'https://via.placeholder.com/400/', 'https://via.placeholder.com/400/?text=ICON', '2020-10-04 05:40:33'),
(45, 47, 17, 7, 'Duis ad nisi id duis ut elit laboris. Esse est ea culpa duis amet veniam dolor Lorem ea magna culpa ut nulla labore. Deserunt dolor dolor eu do consequat Lorem occaecat aliqua exercitation do.', 'https://via.placeholder.com/400/', 'https://via.placeholder.com/400/?text=ICON', '2020-04-11 09:59:01'),
(46, 42, 17, 14, 'Do sit magna laborum eiusmod aliquip laboris eiusmod exercitation exercitation tempor laboris ut proident. Magna ad dolor commodo nisi dolor amet sint quis laboris reprehenderit ullamco et. Et minim magna est voluptate in duis elit veniam quis ut proident ea.', 'https://via.placeholder.com/400/', 'https://via.placeholder.com/400/?text=ICON', '2020-07-17 04:42:07'),
(47, 46, 20, 24, 'Consequat labore incididunt occaecat mollit velit veniam ea proident sit mollit fugiat quis aliquip. Aute ex elit labore in culpa eiusmod laborum in pariatur. Nostrud labore sunt aute dolore mollit magna amet cupidatat deserunt adipisicing incididunt tempor officia eu.', 'https://via.placeholder.com/400/', 'https://via.placeholder.com/400/?text=ICON', '2021-04-25 08:09:57'),
(48, 20, 4, 7, 'Excepteur proident voluptate non proident ex consectetur ad dolor aute elit. Duis eiusmod ullamco exercitation excepteur duis ea amet eiusmod non mollit minim. Deserunt culpa nisi aliquip qui pariatur.', 'https://via.placeholder.com/400/', 'https://via.placeholder.com/400/?text=ICON', '2020-02-02 11:26:00'),
(49, 45, 23, 34, 'Irure occaecat laborum duis eu veniam aliqua veniam ut dolor id. Adipisicing velit nisi exercitation id nostrud ut est. Consequat commodo reprehenderit voluptate adipisicing elit nostrud sit non aute.', 'https://via.placeholder.com/400/', 'https://via.placeholder.com/400/?text=ICON', '2020-01-06 12:41:16'),
(50, 36, 11, 36, 'Nulla ex qui ut eu aliquip exercitation nostrud. Pariatur elit aliquip incididunt aliqua. Magna velit qui enim Lorem commodo laboris sint in excepteur sint proident dolor ullamco.', 'https://via.placeholder.com/400/', 'https://via.placeholder.com/400/?text=ICON', '2020-04-12 12:45:00'),
(51, 6, 34, 30, 'Velit cupidatat velit ipsum cillum id mollit sint laborum amet dolor. Elit in nostrud consectetur deserunt esse fugiat aute. Qui commodo aliquip incididunt aliquip sunt est mollit cupidatat minim cupidatat consequat.', 'https://via.placeholder.com/400/', 'https://via.placeholder.com/400/?text=ICON', '2020-08-21 07:09:43'),
(52, 39, 29, 11, 'Cupidatat eu aliquip esse non irure velit do qui eu aute ad do nulla. Aliquip cupidatat non nisi in exercitation deserunt incididunt. Amet minim veniam consectetur commodo irure amet exercitation elit.', 'https://via.placeholder.com/400/', 'https://via.placeholder.com/400/?text=ICON', '2021-02-09 04:02:48'),
(53, 36, 27, 29, 'Velit Lorem ipsum adipisicing aliqua consectetur occaecat veniam et eu voluptate sunt eu quis aliquip. Non mollit labore minim officia ipsum veniam mollit exercitation. Ea Lorem magna occaecat voluptate veniam adipisicing quis proident.', 'https://via.placeholder.com/400/', 'https://via.placeholder.com/400/?text=ICON', '2021-04-30 08:04:13'),
(54, 48, 7, 0, 'Non eu ex sunt magna. Exercitation aliquip nostrud in minim nostrud. Ipsum aute officia anim aliquip veniam sit.', 'https://via.placeholder.com/400/', 'https://via.placeholder.com/400/?text=ICON', '2021-02-09 05:44:56'),
(55, 28, 2, 13, 'Nisi laboris est consectetur eiusmod voluptate eiusmod irure cupidatat duis proident dolor qui fugiat occaecat. Aliquip nisi quis ex aliquip. Eiusmod eu Lorem minim cillum do Lorem enim irure amet ut ea.', 'https://via.placeholder.com/400/', 'https://via.placeholder.com/400/?text=ICON', '2021-03-11 02:18:28'),
(56, 2, 12, 31, 'Est nostrud proident voluptate labore. Laboris incididunt quis ullamco cupidatat nostrud est aliqua excepteur. Ea sint exercitation ea id do sunt nulla id anim velit.', 'https://via.placeholder.com/400/', 'https://via.placeholder.com/400/?text=ICON', '2021-04-05 01:08:02'),
(57, 11, 22, 7, 'Fugiat eu est adipisicing deserunt. Adipisicing ipsum aliqua elit ex consequat adipisicing id ullamco esse ipsum qui ex ut. Enim velit veniam in anim velit nulla incididunt eu anim consectetur mollit proident minim cupidatat.', 'https://via.placeholder.com/400/', 'https://via.placeholder.com/400/?text=ICON', '2020-06-29 02:02:10'),
(58, 8, 26, 33, 'Ad enim culpa sunt amet consequat velit. Officia cillum laborum culpa magna in aliquip non cupidatat culpa eiusmod labore nostrud ea eiusmod. Sint incididunt pariatur velit enim nisi eiusmod.', 'https://via.placeholder.com/400/', 'https://via.placeholder.com/400/?text=ICON', '2021-05-04 09:33:28'),
(59, 41, 34, 12, 'Eu et commodo velit sunt laboris aliqua ea quis do ad cillum deserunt exercitation enim. Officia cillum Lorem anim voluptate incididunt duis nostrud cupidatat. Officia nulla deserunt esse in dolore duis exercitation irure duis esse amet.', 'https://via.placeholder.com/400/', 'https://via.placeholder.com/400/?text=ICON', '2021-01-05 07:31:11'),
(60, 28, 33, 21, 'Quis voluptate reprehenderit magna sint elit id dolore quis eiusmod occaecat. Qui ullamco do commodo irure deserunt ex. Minim ex qui consequat amet ipsum esse adipisicing irure laboris aute labore ea ex tempor.', 'https://via.placeholder.com/400/', 'https://via.placeholder.com/400/?text=ICON', '2020-10-26 12:46:11'),
(61, 9, 17, 18, 'In id fugiat voluptate pariatur occaecat sint. Elit mollit sit ea sit mollit. Officia nisi non laborum deserunt veniam cillum.', 'https://via.placeholder.com/400/', 'https://via.placeholder.com/400/?text=ICON', '2020-10-23 02:01:39'),
(62, 14, 18, 33, 'Ipsum consectetur aliqua Lorem ut laborum consequat aute fugiat pariatur est sit. Excepteur do amet nostrud ex velit mollit sunt consectetur Lorem nulla nisi id cupidatat. Et velit Lorem occaecat deserunt sit consectetur nostrud occaecat.', 'https://via.placeholder.com/400/', 'https://via.placeholder.com/400/?text=ICON', '2020-06-01 03:06:49'),
(63, 41, 32, 30, 'Sunt officia Lorem commodo et do voluptate non aute nisi occaecat labore minim. Labore laboris non tempor esse anim eiusmod irure aliqua quis sint exercitation id excepteur. Labore irure esse occaecat ad enim dolor fugiat qui sunt ipsum consectetur adipisicing.', 'https://via.placeholder.com/400/', 'https://via.placeholder.com/400/?text=ICON', '2020-05-20 07:54:37'),
(64, 46, 28, 32, 'Mollit culpa ad laboris aute incididunt irure velit laborum mollit cillum quis ex est. Consequat dolore irure sint dolor eu labore ea nulla adipisicing irure nisi proident sint. Pariatur dolore commodo laboris velit Lorem minim minim amet magna aliquip do duis pariatur.', 'https://via.placeholder.com/400/', 'https://via.placeholder.com/400/?text=ICON', '2020-11-06 07:27:11'),
(65, 39, 15, 14, 'Ex ad quis cillum tempor ipsum anim pariatur laboris. Velit elit officia cupidatat mollit est excepteur reprehenderit est minim consequat anim dolor ullamco do. Consectetur id mollit in laboris labore magna sint Lorem Lorem esse.', 'https://via.placeholder.com/400/', 'https://via.placeholder.com/400/?text=ICON', '2021-04-01 08:36:16'),
(66, 19, 16, 23, 'Eu ullamco enim cillum esse officia excepteur commodo eiusmod ullamco nisi Lorem. Nostrud culpa pariatur aute cillum non adipisicing officia. Aute culpa sit officia pariatur esse non.', 'https://via.placeholder.com/400/', 'https://via.placeholder.com/400/?text=ICON', '2020-01-17 03:12:43'),
(67, 20, 24, 8, 'Id non nisi voluptate esse Lorem incididunt nulla deserunt. Occaecat consectetur aliqua reprehenderit anim cillum exercitation. Laboris adipisicing nisi pariatur esse ea nostrud eiusmod.', 'https://via.placeholder.com/400/', 'https://via.placeholder.com/400/?text=ICON', '2020-07-02 05:37:28'),
(68, 29, 8, 33, 'Sit proident enim minim reprehenderit Lorem duis. Esse veniam ex tempor nisi aliqua. Est esse laboris irure occaecat ullamco do occaecat ad irure.', 'https://via.placeholder.com/400/', 'https://via.placeholder.com/400/?text=ICON', '2021-05-01 06:33:51'),
(69, 43, 3, 19, 'Minim deserunt ipsum exercitation incididunt do consequat anim aute occaecat. Deserunt sit do ut elit commodo dolor laboris excepteur commodo laborum dolore ea aliquip. Minim Lorem ullamco exercitation mollit aliquip.', 'https://via.placeholder.com/400/', 'https://via.placeholder.com/400/?text=ICON', '2021-04-25 07:43:20'),
(70, 2, -1, 2, 'Velit eu ex adipisicing id est in in est sint id est nisi veniam ut. Adipisicing ex nisi occaecat enim. Consectetur magna voluptate voluptate ex ipsum ad sit dolor tempor ad reprehenderit et dolore adipisicing.', 'https://via.placeholder.com/400/', 'https://via.placeholder.com/400/?text=ICON', '2020-03-23 06:27:51'),
(71, 30, 33, 28, 'Quis consectetur laborum exercitation ut anim commodo ut. Ex exercitation aute deserunt dolore. Proident do fugiat quis elit.', 'https://via.placeholder.com/400/', 'https://via.placeholder.com/400/?text=ICON', '2020-10-18 10:25:33'),
(72, 6, 34, 11, 'Do sint dolor irure pariatur veniam qui in adipisicing ex. Proident sunt dolor mollit culpa ullamco magna duis id veniam nulla velit. Ipsum elit cillum culpa excepteur est velit adipisicing duis.', 'https://via.placeholder.com/400/', 'https://via.placeholder.com/400/?text=ICON', '2021-03-11 12:25:22'),
(73, 3, 18, 23, 'Duis enim sint fugiat deserunt quis in sunt ut. Fugiat pariatur id deserunt dolore anim voluptate consequat laborum anim mollit. Consequat quis consectetur velit fugiat deserunt esse pariatur reprehenderit enim.', 'https://via.placeholder.com/400/', 'https://via.placeholder.com/400/?text=ICON', '2020-04-17 11:50:01'),
(74, 4, 19, 15, 'Enim elit velit sit ut id non eu excepteur aute consectetur irure in. Ea ullamco laboris non nostrud incididunt consectetur culpa proident id sit ad exercitation. Adipisicing laborum pariatur ullamco consectetur excepteur occaecat culpa amet officia non quis Lorem labore eu.', 'https://via.placeholder.com/400/', 'https://via.placeholder.com/400/?text=ICON', '2020-03-20 02:56:49'),
(75, 40, 17, 11, 'Elit cillum excepteur esse pariatur. Laborum duis aute nisi tempor. Occaecat ipsum nisi ex ea non ut consectetur et.', 'https://via.placeholder.com/400/', 'https://via.placeholder.com/400/?text=ICON', '2020-07-26 08:29:29'),
(76, 27, 0, 13, 'Qui nostrud pariatur nisi aliqua aute aute in eu qui do ex cillum ipsum. Voluptate non laborum cillum magna sint laborum cupidatat culpa excepteur laboris tempor ipsum et. Magna veniam aute ad cillum elit laboris reprehenderit esse est.', 'https://via.placeholder.com/400/', 'https://via.placeholder.com/400/?text=ICON', '2020-02-07 03:22:38'),
(77, 34, 33, 1, 'Lorem mollit commodo laborum non excepteur esse consequat adipisicing mollit sunt amet cillum eiusmod qui. Lorem laborum excepteur aliqua officia fugiat ea mollit Lorem sit consequat do aliqua. Ullamco cillum pariatur velit sint eiusmod et velit dolore.', 'https://via.placeholder.com/400/', 'https://via.placeholder.com/400/?text=ICON', '2020-12-22 06:27:41'),
(78, 3, 32, 11, 'Ex et exercitation minim nisi et exercitation esse. Eu amet nulla aliqua exercitation exercitation et dolore. Cupidatat nulla ut et consectetur amet fugiat culpa commodo.', 'https://via.placeholder.com/400/', 'https://via.placeholder.com/400/?text=ICON', '2020-10-13 01:53:22'),
(79, 44, 17, 18, 'Labore duis sit est sunt irure. Sint minim nulla laboris ut nulla eiusmod excepteur quis id dolor dolor. Lorem ipsum aliqua est dolor officia elit officia.', 'https://via.placeholder.com/400/', 'https://via.placeholder.com/400/?text=ICON', '2020-12-27 12:49:18'),
(80, 19, 5, 34, 'Ex deserunt ad ut occaecat in commodo fugiat deserunt anim ea tempor. Quis ea magna non aliqua et voluptate. Minim quis qui voluptate reprehenderit velit dolor duis quis velit cupidatat et officia.', 'https://via.placeholder.com/400/', 'https://via.placeholder.com/400/?text=ICON', '2021-01-06 11:53:38'),
(81, 50, 2, 30, 'Ut commodo veniam in dolor culpa mollit dolor. Elit commodo velit irure in exercitation minim non irure labore. Ipsum ullamco magna incididunt aute ullamco veniam.', 'https://via.placeholder.com/400/', 'https://via.placeholder.com/400/?text=ICON', '2021-03-03 04:38:11'),
(82, 49, 12, 21, 'Do ea reprehenderit aute id sint irure dolor ad tempor aute est consectetur. Ex nostrud consectetur Lorem labore do veniam enim id elit aliqua excepteur do. Lorem nulla est deserunt sunt tempor qui.', 'https://via.placeholder.com/400/', 'https://via.placeholder.com/400/?text=ICON', '2021-04-16 07:51:17'),
(83, 1, 2, 1, 'Exercitation magna occaecat veniam magna sint mollit exercitation dolor. Esse consectetur deserunt proident fugiat nulla minim. Tempor sit duis veniam enim eiusmod laborum proident elit dolor ipsum deserunt anim eu.', 'https://via.placeholder.com/400/', 'https://via.placeholder.com/400/?text=ICON', '2020-08-30 12:02:24'),
(84, 18, 27, 4, 'Nostrud voluptate adipisicing cupidatat aliquip veniam officia officia qui id duis eu velit nisi. Consectetur amet aliqua reprehenderit deserunt. Fugiat aute velit laborum officia.', 'https://via.placeholder.com/400/', 'https://via.placeholder.com/400/?text=ICON', '2020-12-15 08:38:54'),
(85, 50, 5, 31, 'Deserunt ullamco exercitation ipsum ullamco. Reprehenderit dolore amet laboris quis. Sint labore ullamco nulla ea et pariatur commodo enim cillum pariatur veniam eiusmod.', 'https://via.placeholder.com/400/', 'https://via.placeholder.com/400/?text=ICON', '2020-09-02 09:56:17'),
(86, 21, 31, 35, 'Non elit tempor tempor duis eu ad dolor ea adipisicing voluptate incididunt. Lorem cupidatat enim nisi esse nulla enim ut tempor est consectetur ipsum. Consequat quis cillum dolore magna aute sunt et eiusmod consequat nisi quis officia ut.', 'https://via.placeholder.com/400/', 'https://via.placeholder.com/400/?text=ICON', '2020-07-26 02:51:51'),
(87, 29, 20, 10, 'Minim ad do dolore tempor sit ipsum cillum nostrud ex aute mollit nulla. Consequat officia laboris pariatur laboris ut aliqua id et. Minim minim cupidatat commodo veniam aliquip excepteur commodo incididunt aliqua minim.', 'https://via.placeholder.com/400/', 'https://via.placeholder.com/400/?text=ICON', '2021-03-15 04:44:06'),
(88, 36, 23, 24, 'Commodo Lorem nostrud cupidatat eu ipsum eiusmod ad dolor aute sunt esse est. Labore adipisicing commodo voluptate amet enim dolor nostrud ut magna nisi. Velit irure nisi pariatur velit do proident sunt.', 'https://via.placeholder.com/400/', 'https://via.placeholder.com/400/?text=ICON', '2020-12-20 10:29:39'),
(89, 18, 8, 4, 'Culpa anim et nisi dolor eu quis. Amet eiusmod cupidatat incididunt reprehenderit labore pariatur. Qui velit ea nostrud sint aute veniam cupidatat nulla ipsum do.', 'https://via.placeholder.com/400/', 'https://via.placeholder.com/400/?text=ICON', '2020-05-12 01:24:23'),
(90, 48, 34, 11, 'Ex quis quis in culpa duis. Qui ut amet ullamco officia pariatur. Nostrud elit consectetur ad cillum.', 'https://via.placeholder.com/400/', 'https://via.placeholder.com/400/?text=ICON', '2020-05-16 04:37:41'),
(91, 45, 14, 36, 'Mollit cupidatat qui in aliqua. Irure ex non laborum pariatur et elit elit eu non consequat. Labore est dolore mollit excepteur aliqua sunt eiusmod ullamco.', 'https://via.placeholder.com/400/', 'https://via.placeholder.com/400/?text=ICON', '2020-05-25 12:10:10'),
(92, 8, 33, 1, 'Pariatur cupidatat cillum adipisicing veniam. Reprehenderit pariatur ut nisi nisi sint Lorem. Dolore exercitation anim in excepteur cillum ipsum excepteur.', 'https://via.placeholder.com/400/', 'https://via.placeholder.com/400/?text=ICON', '2020-08-06 12:56:39'),
(93, 33, 24, 25, 'Laboris cillum laborum consequat ipsum et occaecat dolor culpa ea tempor. Aliqua dolor et anim tempor. Et ea reprehenderit anim quis et laborum elit consequat pariatur veniam.', 'https://via.placeholder.com/400/', 'https://via.placeholder.com/400/?text=ICON', '2020-07-09 06:49:18'),
(94, 36, 32, 26, 'Tempor do commodo deserunt do nostrud dolore et occaecat consequat anim exercitation amet excepteur occaecat. Id veniam esse sunt proident quis. Aliqua proident consequat aute dolor voluptate velit.', 'https://via.placeholder.com/400/', 'https://via.placeholder.com/400/?text=ICON', '2021-04-22 05:37:49'),
(95, 37, 31, 31, 'Dolor enim veniam velit ad aliqua nulla ad commodo culpa sit cupidatat. Sint consequat et veniam anim ad commodo esse qui elit aliquip tempor qui et excepteur. Pariatur nulla magna ullamco excepteur Lorem mollit culpa aute.', 'https://via.placeholder.com/400/', 'https://via.placeholder.com/400/?text=ICON', '2021-04-23 08:41:08'),
(96, 30, 6, 29, 'Eu ex non ipsum officia id nisi ullamco sint consequat labore anim amet. Fugiat commodo adipisicing proident officia aliqua fugiat dolor enim occaecat elit eu sint reprehenderit. In mollit occaecat tempor aliqua reprehenderit anim ad aute.', 'https://via.placeholder.com/400/', 'https://via.placeholder.com/400/?text=ICON', '2021-02-26 07:21:36'),
(97, 7, 33, 0, 'Esse do aute minim ex magna sint amet nostrud dolore mollit id cillum aliqua. Proident tempor nisi ad est eu Lorem labore commodo sit aliqua voluptate nulla proident consequat. Officia consequat laboris mollit enim ut labore tempor non.', 'https://via.placeholder.com/400/', 'https://via.placeholder.com/400/?text=ICON', '2020-04-01 06:36:01'),
(98, 4, 33, 3, 'Excepteur Lorem magna et eu. Irure consequat duis minim ad elit eu elit consectetur voluptate fugiat dolore elit. Quis adipisicing nulla magna sunt tempor culpa ea anim et.', 'https://via.placeholder.com/400/', 'https://via.placeholder.com/400/?text=ICON', '2020-06-06 05:21:37'),
(99, 31, 17, 33, 'Nostrud esse non aute proident eu occaecat sunt veniam excepteur culpa laboris officia pariatur. Laboris quis consectetur laborum cillum ea duis culpa occaecat sint eu velit. Esse nisi ea sit anim nisi.', 'https://via.placeholder.com/400/', 'https://via.placeholder.com/400/?text=ICON', '2020-10-23 09:33:41'),
(100, 30, 27, 7, 'Ad laboris labore veniam minim voluptate reprehenderit eiusmod laboris in aute. Officia esse ex consequat laboris tempor. Mollit ex labore Lorem nisi.', 'https://via.placeholder.com/400/', 'https://via.placeholder.com/400/?text=ICON', '2020-02-22 09:14:19'),
(101, 36, 10, 25, 'Nostrud fugiat sunt veniam voluptate est pariatur ex amet voluptate minim aliqua eu. Mollit tempor labore id pariatur cillum et sint dolore velit ex laborum deserunt. Dolor ad aute anim commodo quis.', 'https://via.placeholder.com/400/', 'https://via.placeholder.com/400/?text=ICON', '2020-06-05 12:57:22'),
(102, 42, 5, 17, 'Occaecat consequat minim Lorem et eu mollit velit et ad Lorem. Non in enim eu ut mollit deserunt occaecat duis. Laborum consectetur fugiat aliqua consequat veniam velit.', 'https://via.placeholder.com/400/', 'https://via.placeholder.com/400/?text=ICON', '2021-02-20 08:23:34'),
(103, 35, 11, 6, 'Aliquip consequat eu est culpa cupidatat non commodo cillum. Occaecat cupidatat ex nisi ullamco duis fugiat. Nostrud aute sunt ea officia est anim ullamco nulla ea.', 'https://via.placeholder.com/400/', 'https://via.placeholder.com/400/?text=ICON', '2021-01-26 02:13:03'),
(104, 11, 17, 30, 'Velit laborum amet et aute ipsum aliqua aliqua eu aliquip deserunt nulla. Qui dolor quis irure dolor dolore. Nisi consectetur tempor laboris sunt ex proident dolore tempor.', 'https://via.placeholder.com/400/', 'https://via.placeholder.com/400/?text=ICON', '2020-01-16 07:57:21'),
(105, 24, 25, 28, 'Amet do id irure mollit aliquip tempor reprehenderit laborum fugiat magna deserunt mollit id. Quis deserunt pariatur ullamco proident enim laborum ad voluptate veniam irure enim. Commodo consequat culpa incididunt aliquip laborum sint deserunt.', 'https://via.placeholder.com/400/', 'https://via.placeholder.com/400/?text=ICON', '2021-01-21 12:27:28'),
(106, 25, 7, 19, 'Ullamco fugiat id nulla duis elit ex id. Consectetur nostrud ea amet eu. Aliqua cupidatat deserunt amet elit ipsum tempor consequat exercitation magna et commodo excepteur veniam.', 'https://via.placeholder.com/400/', 'https://via.placeholder.com/400/?text=ICON', '2020-12-07 08:40:52'),
(107, 46, 25, 0, 'Labore veniam tempor proident irure. Adipisicing est minim elit veniam nulla. Velit exercitation excepteur aliqua aute ea in deserunt reprehenderit culpa irure sint ipsum.', 'https://via.placeholder.com/400/', 'https://via.placeholder.com/400/?text=ICON', '2021-01-04 08:45:16'),
(108, 23, 33, 16, 'Duis eu pariatur ea mollit ullamco sit est irure enim. Velit eu proident eiusmod non. Non anim ipsum commodo minim non veniam voluptate aliquip ad veniam ipsum nostrud cupidatat.', 'https://via.placeholder.com/400/', 'https://via.placeholder.com/400/?text=ICON', '2020-08-25 02:27:43'),
(109, 3, 17, 3, 'Incididunt reprehenderit irure et eu cillum minim fugiat veniam occaecat exercitation quis amet. Exercitation ad laboris ea est incididunt nulla in in amet consectetur consectetur ullamco esse nostrud. Consectetur occaecat commodo mollit laborum amet incididunt Lorem labore amet aliqua Lorem et.', 'https://via.placeholder.com/400/', 'https://via.placeholder.com/400/?text=ICON', '2020-09-30 01:01:12'),
(110, 16, 30, 20, 'Tempor ut tempor labore mollit duis tempor irure veniam dolore quis elit exercitation veniam ut. Cupidatat irure sit reprehenderit culpa nostrud amet dolor. Laboris deserunt sint proident elit elit nostrud aute amet ut ut magna voluptate minim.', 'https://via.placeholder.com/400/', 'https://via.placeholder.com/400/?text=ICON', '2020-08-12 12:40:23'),
(111, 6, 0, 34, 'Nisi quis incididunt amet incididunt Lorem deserunt eu sit laborum incididunt. Est duis ea excepteur reprehenderit nostrud aliqua eu irure. Aute excepteur ad fugiat deserunt cillum commodo eu voluptate velit culpa incididunt.', 'https://via.placeholder.com/400/', 'https://via.placeholder.com/400/?text=ICON', '2021-02-13 09:21:12'),
(112, 18, -1, 18, 'Non laboris id Lorem elit. Do ipsum laborum excepteur nisi adipisicing tempor nulla sit labore sint non. Reprehenderit dolore eiusmod laborum deserunt veniam Lorem dolore amet nulla id laboris.', 'https://via.placeholder.com/400/', 'https://via.placeholder.com/400/?text=ICON', '2021-04-24 02:18:28'),
(113, 17, 4, 24, 'Velit dolor mollit pariatur consequat exercitation cillum officia ex dolore culpa et id reprehenderit labore. Nostrud fugiat officia dolore in voluptate fugiat exercitation et occaecat id occaecat dolor anim eu. Pariatur nulla aute excepteur dolore ex et dolor.', 'https://via.placeholder.com/400/', 'https://via.placeholder.com/400/?text=ICON', '2020-02-29 11:34:47'),
(114, 47, 22, 25, 'Ullamco reprehenderit elit aliqua dolore ea Lorem irure velit elit magna id cillum. Incididunt voluptate reprehenderit sit voluptate cupidatat est culpa reprehenderit adipisicing. Adipisicing aliqua eu non velit consequat aliqua sint in fugiat nulla nostrud laboris consectetur cillum.', 'https://via.placeholder.com/400/', 'https://via.placeholder.com/400/?text=ICON', '2020-12-21 09:45:50'),
(115, 32, 4, 4, 'Sint nulla ullamco ad occaecat ullamco commodo aute sunt laborum do eiusmod exercitation veniam. Pariatur est dolore veniam consectetur veniam duis sint adipisicing. Magna cillum esse ea anim.', 'https://via.placeholder.com/400/', 'https://via.placeholder.com/400/?text=ICON', '2020-09-27 06:23:03'),
(116, 10, 9, 31, 'Voluptate occaecat excepteur dolore quis ea ex. Consectetur est aliquip adipisicing mollit sit exercitation do et amet. Laborum non tempor officia aliquip eu dolore ad in labore amet adipisicing dolor Lorem.', 'https://via.placeholder.com/400/', 'https://via.placeholder.com/400/?text=ICON', '2020-03-12 06:49:30'),
(117, 45, 17, 17, 'Excepteur cupidatat reprehenderit excepteur veniam aliqua aute ea velit pariatur. Incididunt dolore duis commodo amet minim dolore ea irure duis cupidatat minim et ad sit. Laborum aliquip reprehenderit commodo laboris minim.', 'https://via.placeholder.com/400/', 'https://via.placeholder.com/400/?text=ICON', '2021-02-12 05:46:27'),
(118, 38, 11, 34, 'Magna aliquip officia consectetur ipsum reprehenderit enim in mollit. Velit excepteur ullamco eiusmod ad labore nostrud deserunt deserunt eiusmod occaecat. Consectetur excepteur esse tempor aute ex consequat aliquip irure minim consequat commodo laborum aliqua.', 'https://via.placeholder.com/400/', 'https://via.placeholder.com/400/?text=ICON', '2020-03-24 09:54:48'),
(119, 13, 24, 6, 'Eiusmod duis ut nisi commodo irure esse dolore. Duis nulla sunt ex amet esse laboris irure. Eu ut incididunt est nostrud fugiat incididunt cillum.', 'https://via.placeholder.com/400/', 'https://via.placeholder.com/400/?text=ICON', '2020-08-29 03:47:47'),
(120, 23, 13, 13, 'Sit tempor sint cillum excepteur tempor qui culpa cillum. Minim sit sit minim aliqua cupidatat eu veniam nostrud ut in labore non. Esse amet aliqua sit anim in aute deserunt aute enim velit minim deserunt cupidatat.', 'https://via.placeholder.com/400/', 'https://via.placeholder.com/400/?text=ICON', '2020-08-01 05:07:23'),
(121, 21, 20, 15, 'Consequat commodo sit elit labore voluptate sit sit anim occaecat. Consequat minim minim dolore ut id aliqua magna consectetur mollit eiusmod. Deserunt irure eiusmod magna sint sit.', 'https://via.placeholder.com/400/', 'https://via.placeholder.com/400/?text=ICON', '2020-12-05 04:00:08'),
(122, 25, 26, 31, 'Ea Lorem Lorem ipsum pariatur non nulla ad esse quis qui Lorem fugiat est. Veniam quis voluptate aliqua Lorem deserunt dolor aliquip veniam esse consectetur nisi adipisicing. Non ut amet excepteur duis ad ea elit mollit magna cillum fugiat anim.', 'https://via.placeholder.com/400/', 'https://via.placeholder.com/400/?text=ICON', '2020-09-28 01:11:50'),
(123, 13, 10, 17, 'Tempor cupidatat Lorem ullamco veniam labore fugiat irure ullamco incididunt id adipisicing ipsum incididunt. Labore mollit duis fugiat magna officia ut aute labore. Et cillum et in pariatur deserunt irure officia exercitation ut deserunt ea eiusmod veniam.', 'https://via.placeholder.com/400/', 'https://via.placeholder.com/400/?text=ICON', '2020-12-06 06:03:20'),
(124, 7, 17, 15, 'Sunt irure do dolor do irure ad irure ut aliqua eu tempor ipsum. Minim minim cillum amet adipisicing fugiat elit officia dolore est enim laboris veniam. Excepteur consequat eiusmod minim ipsum reprehenderit velit culpa ea nulla Lorem sit magna enim non.', 'https://via.placeholder.com/400/', 'https://via.placeholder.com/400/?text=ICON', '2020-10-15 11:09:00'),
(125, 33, 0, 9, 'Fugiat commodo labore ex exercitation. Deserunt nostrud in voluptate est laboris. Consectetur commodo dolore eiusmod officia cupidatat Lorem.', 'https://via.placeholder.com/400/', 'https://via.placeholder.com/400/?text=ICON', '2021-04-10 10:06:02'),
(126, 20, 8, 25, 'Ipsum quis aute consectetur do ex duis qui aliquip deserunt amet dolor sit qui eu. Velit aliqua eiusmod consectetur ex enim. Veniam voluptate irure est reprehenderit exercitation duis non.', 'https://via.placeholder.com/400/', 'https://via.placeholder.com/400/?text=ICON', '2020-12-14 11:02:47'),
(127, 35, 16, 31, 'Voluptate sit et aute consectetur ut. Amet nulla reprehenderit ullamco excepteur ullamco exercitation consectetur do laborum ipsum. Magna nulla culpa eu proident mollit dolore sint non labore officia exercitation non magna.', 'https://via.placeholder.com/400/', 'https://via.placeholder.com/400/?text=ICON', '2020-02-19 10:05:50'),
(128, 28, 1, 8, 'Do sunt dolore labore officia dolore nisi officia incididunt anim eiusmod velit ut culpa quis. Ea qui nisi commodo esse deserunt deserunt dolor veniam magna enim qui. Eu ea ipsum cupidatat cillum duis ea sit eiusmod ad mollit sint.', 'https://via.placeholder.com/400/', 'https://via.placeholder.com/400/?text=ICON', '2020-03-04 06:02:40'),
(129, 1, 23, 19, 'Aliqua quis et esse aute nostrud non dolor ex duis quis. Laborum esse laboris proident qui est sint laboris qui irure mollit qui veniam. Proident sint veniam dolore aute anim cillum sint excepteur ut esse dolore ut.', 'https://via.placeholder.com/400/', 'https://via.placeholder.com/400/?text=ICON', '2021-03-01 07:23:10'),
(130, 15, 16, 19, 'Adipisicing incididunt minim id eiusmod incididunt minim incididunt dolore proident esse reprehenderit ullamco exercitation sint. Aliqua ad commodo nostrud consectetur non ad veniam. Consectetur nisi elit dolore eu incididunt do sit nostrud.', 'https://via.placeholder.com/400/', 'https://via.placeholder.com/400/?text=ICON', '2020-09-18 04:43:58'),
(131, 34, 30, 16, 'Mollit consequat nisi officia nulla nostrud culpa labore cillum ipsum elit deserunt nulla eu officia. Irure Lorem exercitation esse Lorem deserunt eu ad nulla. Laborum do excepteur magna incididunt aute excepteur deserunt nisi irure ipsum.', 'https://via.placeholder.com/400/', 'https://via.placeholder.com/400/?text=ICON', '2021-01-06 11:02:53'),
(132, 34, 12, 8, 'Duis do sit aute incididunt culpa mollit nulla cupidatat ea id aliqua. Ea laborum aliquip cupidatat laboris voluptate enim adipisicing dolore eiusmod culpa adipisicing est. Occaecat sunt qui aliqua nisi consectetur quis velit velit incididunt cillum excepteur mollit cupidatat fugiat.', 'https://via.placeholder.com/400/', 'https://via.placeholder.com/400/?text=ICON', '2020-11-30 02:16:50'),
(133, 30, 29, 17, 'Culpa sit et anim officia commodo enim. Excepteur ex Lorem incididunt consequat commodo incididunt labore pariatur exercitation culpa minim aliquip. Officia do elit minim aliquip pariatur est esse.', 'https://via.placeholder.com/400/', 'https://via.placeholder.com/400/?text=ICON', '2020-03-29 12:08:07'),
(134, 19, 16, 17, 'Cupidatat sint occaecat et laboris fugiat ut velit in enim aliqua duis dolore fugiat id. Consequat non labore do ex ad eu consequat. Nostrud et dolor incididunt veniam ea officia sit.', 'https://via.placeholder.com/400/', 'https://via.placeholder.com/400/?text=ICON', '2021-02-14 07:58:55'),
(135, 40, 10, 24, 'Reprehenderit incididunt culpa qui ut laborum amet anim excepteur duis velit nulla consequat. Duis duis sint anim exercitation. Quis ea velit officia nostrud.', 'https://via.placeholder.com/400/', 'https://via.placeholder.com/400/?text=ICON', '2021-01-30 06:51:53'),
(136, 34, 36, 16, 'Occaecat quis sit elit sint qui labore nisi do nisi dolor Lorem pariatur anim. Lorem tempor consequat non tempor et magna eu id ipsum magna. Proident minim ipsum ut mollit consequat in tempor ipsum et magna ad nisi.', 'https://via.placeholder.com/400/', 'https://via.placeholder.com/400/?text=ICON', '2021-03-10 07:31:07'),
(137, 45, -1, 11, 'Sit eu eiusmod non nulla laborum. Ad officia id consequat anim qui laboris minim in. Voluptate non est laborum eiusmod.', 'https://via.placeholder.com/400/', 'https://via.placeholder.com/400/?text=ICON', '2021-03-04 11:13:52'),
(138, 36, 8, 11, 'Occaecat cupidatat aute culpa elit officia cupidatat pariatur quis excepteur deserunt dolore fugiat cupidatat. Sunt irure irure est veniam. Fugiat deserunt ex elit et eu exercitation anim nisi pariatur.', 'https://via.placeholder.com/400/', 'https://via.placeholder.com/400/?text=ICON', '2020-01-04 01:04:47'),
(139, 29, 26, 10, 'Adipisicing minim esse consectetur incididunt cupidatat anim culpa deserunt. Nostrud nostrud ipsum do consequat Lorem pariatur nulla laborum. Id veniam nulla incididunt eu.', 'https://via.placeholder.com/400/', 'https://via.placeholder.com/400/?text=ICON', '2020-09-01 06:02:12'),
(140, 49, 30, 3, 'Aute nulla et nisi eu occaecat in duis. Adipisicing eiusmod laborum elit elit do dolor ut veniam proident non adipisicing consequat. Mollit adipisicing irure voluptate minim incididunt aliqua quis id.', 'https://via.placeholder.com/400/', 'https://via.placeholder.com/400/?text=ICON', '2021-03-17 05:00:09'),
(141, 11, 32, 28, 'Fugiat labore incididunt sint culpa cupidatat adipisicing in nostrud duis in ad proident do minim. Incididunt reprehenderit commodo commodo veniam pariatur est nulla proident quis. Occaecat ipsum do aliquip veniam id tempor consequat nisi.', 'https://via.placeholder.com/400/', 'https://via.placeholder.com/400/?text=ICON', '2020-02-11 07:24:57'),
(142, 26, 31, 0, 'Aliqua adipisicing velit consequat exercitation ea ullamco magna non. Velit commodo consectetur pariatur reprehenderit cupidatat. Cupidatat velit nulla est qui sint incididunt elit eiusmod id.', 'https://via.placeholder.com/400/', 'https://via.placeholder.com/400/?text=ICON', '2020-09-11 02:51:54'),
(143, 48, 17, 22, 'Fugiat ut sint adipisicing minim proident ullamco cupidatat cupidatat consectetur anim aliquip ex ullamco incididunt. Aute culpa deserunt in labore irure culpa Lorem reprehenderit do velit. Adipisicing duis nostrud minim incididunt nisi culpa.', 'https://via.placeholder.com/400/', 'https://via.placeholder.com/400/?text=ICON', '2020-06-29 05:14:24'),
(144, 35, 20, 1, 'Nostrud et proident pariatur tempor magna. Ex fugiat do exercitation nostrud. Sint ex et eiusmod fugiat eiusmod minim consequat aliquip amet laborum qui.', 'https://via.placeholder.com/400/', 'https://via.placeholder.com/400/?text=ICON', '2020-05-03 07:14:25'),
(145, 25, 10, 21, 'Enim pariatur sit Lorem ex mollit exercitation proident pariatur laborum. Sunt ex anim tempor reprehenderit eu incididunt laborum commodo aliqua officia. Laborum aliquip reprehenderit proident in quis magna aliqua.', 'https://via.placeholder.com/400/', 'https://via.placeholder.com/400/?text=ICON', '2021-02-06 04:29:38'),
(146, 35, -1, 13, 'Duis laboris nulla veniam mollit eiusmod fugiat esse duis ipsum aliqua Lorem exercitation irure. Sit voluptate velit dolore ad officia ullamco labore elit consequat mollit. Nisi reprehenderit consequat ipsum velit eu consectetur.', 'https://via.placeholder.com/400/', 'https://via.placeholder.com/400/?text=ICON', '2020-05-06 12:03:10'),
(147, 45, 6, 28, 'In sunt sunt consequat elit excepteur laboris quis Lorem reprehenderit ut ea tempor incididunt mollit. Proident reprehenderit consequat sunt esse. Ipsum culpa anim culpa aliquip exercitation fugiat velit minim magna.', 'https://via.placeholder.com/400/', 'https://via.placeholder.com/400/?text=ICON', '2021-02-08 11:15:34'),
(148, 44, 10, 28, 'Lorem labore nostrud consequat laboris quis Lorem magna id minim qui amet. Excepteur et voluptate incididunt qui amet fugiat non. Ex duis qui est qui aute est ut consequat id excepteur consectetur magna dolore ipsum.', 'https://via.placeholder.com/400/', 'https://via.placeholder.com/400/?text=ICON', '2020-12-09 12:38:27'),
(149, 11, 3, 26, 'Aute reprehenderit deserunt velit aliqua minim eiusmod aliqua mollit velit ut cupidatat esse. Officia adipisicing Lorem aliquip sint et quis pariatur deserunt consequat dolor veniam et laborum mollit. Dolore elit est adipisicing sint qui adipisicing consectetur ut esse.', 'https://via.placeholder.com/400/', 'https://via.placeholder.com/400/?text=ICON', '2021-04-27 09:45:41'),
(150, 39, 4, 34, 'Mollit ex reprehenderit commodo est incididunt mollit magna. Excepteur ea nisi deserunt eu mollit duis velit laboris anim nostrud. Adipisicing cillum ea consectetur quis aliquip aliquip voluptate irure exercitation occaecat nostrud occaecat.', 'https://via.placeholder.com/400/', 'https://via.placeholder.com/400/?text=ICON', '2021-04-12 03:58:29'),
(151, 25, -1, 18, 'Minim aute est nisi aliquip reprehenderit. Officia enim mollit commodo consequat. Est culpa ex consequat id aute elit laboris amet magna ad.', 'https://via.placeholder.com/400/', 'https://via.placeholder.com/400/?text=ICON', '2020-11-24 03:12:24'),
(152, 33, 31, 24, 'Est amet aliqua incididunt in. Anim esse anim enim anim nulla ad enim non sint nostrud non. Fugiat aliquip duis et dolor.', 'https://via.placeholder.com/400/', 'https://via.placeholder.com/400/?text=ICON', '2021-03-26 07:03:58');
INSERT INTO `track_202130_locations` (`id`, `animal_id`, `lat`, `lng`, `description`, `photo`, `icon`, `date_create`) VALUES
(153, 5, 5, 5, 'Exercitation Lorem ullamco amet duis adipisicing incididunt eiusmod cupidatat et qui veniam consectetur. Eiusmod ullamco sit sit Lorem dolor esse elit nulla exercitation anim id. Commodo pariatur ut non esse cupidatat et commodo nisi in dolor irure ea sit magna.', 'https://via.placeholder.com/400/', 'https://via.placeholder.com/400/?text=ICON', '2020-02-16 03:27:00'),
(154, 12, 28, 26, 'Aute amet excepteur ad enim Lorem cillum ad amet amet consectetur. Non id sunt nostrud cupidatat occaecat aliquip est dolore aliquip mollit ipsum aute. Quis proident in pariatur ad eiusmod deserunt eu consectetur elit.', 'https://via.placeholder.com/400/', 'https://via.placeholder.com/400/?text=ICON', '2021-03-06 01:43:17'),
(155, 4, 33, 17, 'Labore occaecat fugiat officia veniam dolore. Anim voluptate deserunt nulla incididunt consequat ea velit Lorem. In reprehenderit nisi pariatur consectetur esse tempor est irure ipsum sit minim commodo ea sint.', 'https://via.placeholder.com/400/', 'https://via.placeholder.com/400/?text=ICON', '2020-08-27 11:45:29'),
(156, 3, 10, 16, 'Est aute consequat id aliqua. Cupidatat do eiusmod ea ipsum aliqua labore velit proident eiusmod ea aute. Velit ex velit ipsum sunt do excepteur culpa officia elit.', 'https://via.placeholder.com/400/', 'https://via.placeholder.com/400/?text=ICON', '2020-12-29 10:47:21'),
(157, 32, 1, 29, 'Id voluptate esse aliqua esse Lorem velit aliquip incididunt. Ut cillum nostrud occaecat proident enim laborum pariatur. Sint velit sit sint est aliqua.', 'https://via.placeholder.com/400/', 'https://via.placeholder.com/400/?text=ICON', '2020-01-27 05:27:09'),
(158, 17, 36, 31, 'Eiusmod labore incididunt ex minim nisi minim nisi. Ipsum anim commodo ea aliquip consequat qui est duis consectetur in ea aliqua velit. Ex aliqua eu consequat amet proident.', 'https://via.placeholder.com/400/', 'https://via.placeholder.com/400/?text=ICON', '2020-01-15 11:47:53'),
(159, 26, -1, 30, 'Deserunt deserunt labore pariatur esse adipisicing duis consectetur aute sint ipsum duis minim exercitation. Nisi amet Lorem ex quis. Sint magna minim nisi amet eiusmod tempor.', 'https://via.placeholder.com/400/', 'https://via.placeholder.com/400/?text=ICON', '2020-09-08 08:32:02'),
(160, 50, 8, 6, 'Do consequat pariatur laboris exercitation eiusmod velit in pariatur veniam voluptate nisi occaecat voluptate. In culpa ipsum excepteur elit non quis sint pariatur nulla dolore et ad. Sit do cillum tempor ea elit laboris id do dolore nulla.', 'https://via.placeholder.com/400/', 'https://via.placeholder.com/400/?text=ICON', '2020-05-26 01:03:54'),
(161, 15, 5, -1, 'Veniam commodo et excepteur sint amet et consectetur nostrud consectetur quis. Tempor culpa anim ex enim proident magna laboris duis eu adipisicing non. Consequat laborum do sit veniam nisi ex voluptate ea.', 'https://via.placeholder.com/400/', 'https://via.placeholder.com/400/?text=ICON', '2020-03-28 05:38:03'),
(162, 34, 8, 26, 'Velit anim culpa voluptate culpa fugiat irure occaecat cupidatat labore. Eu irure adipisicing eiusmod aute excepteur et eu est exercitation esse. Et consequat ad consequat dolor occaecat aliqua duis laboris.', 'https://via.placeholder.com/400/', 'https://via.placeholder.com/400/?text=ICON', '2020-03-19 06:36:05'),
(163, 3, 32, 21, 'Pariatur magna irure cillum duis duis sint. Sit deserunt veniam laboris voluptate aliqua veniam non eiusmod consectetur eu sunt Lorem qui. Amet consequat sunt cupidatat ea ipsum cupidatat irure excepteur consectetur laboris ullamco esse qui commodo.', 'https://via.placeholder.com/400/', 'https://via.placeholder.com/400/?text=ICON', '2020-02-24 12:26:45'),
(164, 6, 6, 10, 'In sit deserunt ex ea qui in veniam velit elit elit. Mollit amet excepteur velit nulla sit eiusmod laboris incididunt esse. Aliqua minim consequat nulla est cillum irure ut ut consequat incididunt.', 'https://via.placeholder.com/400/', 'https://via.placeholder.com/400/?text=ICON', '2020-11-23 03:37:28'),
(165, 48, 13, 9, 'Esse velit ut elit adipisicing laboris eiusmod. Ullamco occaecat fugiat laborum elit minim velit culpa duis velit. Eiusmod exercitation commodo laboris voluptate do consequat pariatur proident sit ut.', 'https://via.placeholder.com/400/', 'https://via.placeholder.com/400/?text=ICON', '2020-09-03 03:51:29'),
(166, 37, 0, 27, 'Irure magna laborum aliquip fugiat. Occaecat quis ad aliqua nisi. Laborum eu duis ipsum occaecat reprehenderit sint ut ex ut.', 'https://via.placeholder.com/400/', 'https://via.placeholder.com/400/?text=ICON', '2020-01-13 07:41:52'),
(167, 28, 9, 10, 'Quis ullamco anim reprehenderit commodo sunt dolore commodo sint esse ut fugiat non ex. Consectetur reprehenderit sint labore amet dolor anim anim non mollit. Veniam irure nostrud cillum laborum ex minim aliquip amet id ut ea laborum nostrud ad.', 'https://via.placeholder.com/400/', 'https://via.placeholder.com/400/?text=ICON', '2020-06-02 02:18:04'),
(168, 26, 24, 28, 'Ipsum qui consectetur magna id esse sit consectetur qui. Nisi cillum incididunt eu tempor do aliqua sunt tempor ipsum ex laboris. Aute dolore nulla fugiat quis adipisicing anim nostrud aute Lorem velit non eiusmod pariatur eiusmod.', 'https://via.placeholder.com/400/', 'https://via.placeholder.com/400/?text=ICON', '2020-06-22 01:52:09'),
(169, 23, 7, 33, 'Commodo aliquip veniam reprehenderit ex. Exercitation velit sunt voluptate amet ad ea excepteur irure consequat cillum irure anim ad ullamco. Eu sunt exercitation amet ex deserunt eiusmod commodo sit deserunt proident officia.', 'https://via.placeholder.com/400/', 'https://via.placeholder.com/400/?text=ICON', '2021-02-11 08:44:57'),
(170, 47, 34, 15, 'Sunt ut ad irure et nisi sit cillum labore mollit minim est magna adipisicing. Laboris laborum laborum irure irure velit commodo fugiat adipisicing aliqua. Velit labore esse nisi esse id sit adipisicing adipisicing proident.', 'https://via.placeholder.com/400/', 'https://via.placeholder.com/400/?text=ICON', '2020-02-26 09:17:07'),
(171, 12, 29, -1, 'Mollit cupidatat cupidatat officia exercitation. Cillum incididunt aliquip velit nisi nostrud quis. Enim et pariatur aliqua aliqua culpa id cupidatat proident.', 'https://via.placeholder.com/400/', 'https://via.placeholder.com/400/?text=ICON', '2020-08-09 10:15:24'),
(172, 33, 29, 2, 'Officia magna est aliquip aliqua. Excepteur voluptate qui proident aute laborum fugiat excepteur adipisicing aliquip veniam proident. Mollit labore esse enim officia.', 'https://via.placeholder.com/400/', 'https://via.placeholder.com/400/?text=ICON', '2021-04-07 02:40:01'),
(173, 46, 25, 18, 'Quis ut nulla aute proident nostrud adipisicing proident anim elit incididunt adipisicing in deserunt tempor. Exercitation anim do eu anim. Proident duis velit commodo fugiat.', 'https://via.placeholder.com/400/', 'https://via.placeholder.com/400/?text=ICON', '2020-12-26 07:58:41'),
(174, 16, 33, 2, 'Cupidatat eiusmod aute ullamco do ipsum tempor et. Amet ullamco ut duis culpa elit ut dolore ipsum enim aliqua labore elit. Proident id sit ex cupidatat enim ad aliqua do cillum voluptate.', 'https://via.placeholder.com/400/', 'https://via.placeholder.com/400/?text=ICON', '2020-06-20 05:03:36'),
(175, 17, 17, 32, 'Proident Lorem incididunt reprehenderit reprehenderit do ut nostrud laboris sint ex commodo veniam qui aute. Duis cillum aliquip pariatur sit. Officia nulla adipisicing qui mollit enim aliqua aliqua et.', 'https://via.placeholder.com/400/', 'https://via.placeholder.com/400/?text=ICON', '2021-04-12 12:02:11'),
(176, 41, 28, 25, 'Tempor sunt nisi id dolor culpa ea. Anim incididunt nostrud adipisicing qui commodo sint labore ipsum. Nisi laboris est ut incididunt anim deserunt nisi cillum voluptate consectetur occaecat consequat.', 'https://via.placeholder.com/400/', 'https://via.placeholder.com/400/?text=ICON', '2020-03-24 09:18:39'),
(177, 47, 33, 18, 'Incididunt irure dolor dolor dolor ad id ipsum eu exercitation. Eu culpa reprehenderit culpa laborum adipisicing in deserunt. Culpa dolor sit elit labore ullamco labore occaecat duis ea consequat culpa eiusmod.', 'https://via.placeholder.com/400/', 'https://via.placeholder.com/400/?text=ICON', '2020-09-08 01:06:25'),
(178, 44, 18, 13, 'Eiusmod dolor aute in tempor magna commodo enim ipsum ipsum dolore. Voluptate mollit qui ad ut enim in. Mollit pariatur deserunt in laborum.', 'https://via.placeholder.com/400/', 'https://via.placeholder.com/400/?text=ICON', '2020-05-05 01:24:39'),
(179, 12, 25, 35, 'Nulla pariatur laborum occaecat dolore sint. Veniam enim nostrud exercitation ut voluptate nisi Lorem et nisi officia non magna. Enim quis deserunt veniam est nulla exercitation enim id elit ea irure consequat.', 'https://via.placeholder.com/400/', 'https://via.placeholder.com/400/?text=ICON', '2020-04-12 05:05:53'),
(180, 21, 24, 25, 'Do non adipisicing mollit duis officia mollit labore ullamco. Adipisicing id anim cupidatat nostrud nisi duis ipsum excepteur reprehenderit eu qui id dolor mollit. Ea culpa quis fugiat adipisicing dolore magna excepteur ex fugiat non ullamco.', 'https://via.placeholder.com/400/', 'https://via.placeholder.com/400/?text=ICON', '2020-06-27 05:06:08'),
(181, 35, 5, 26, 'Dolor irure dolore aliqua officia deserunt aliquip sit reprehenderit exercitation. Anim nisi exercitation mollit reprehenderit excepteur culpa tempor mollit occaecat reprehenderit. Voluptate magna dolore labore aute proident pariatur eu eiusmod.', 'https://via.placeholder.com/400/', 'https://via.placeholder.com/400/?text=ICON', '2020-01-22 07:39:41'),
(182, 48, 22, 0, 'Occaecat ut ea sint tempor tempor occaecat pariatur aliquip exercitation aliqua ipsum commodo est amet. Mollit et ea duis qui ullamco sit quis. Ad veniam elit reprehenderit eu.', 'https://via.placeholder.com/400/', 'https://via.placeholder.com/400/?text=ICON', '2021-04-09 12:38:31'),
(183, 38, 35, 18, 'Sunt ex non duis deserunt excepteur dolore tempor tempor aliquip eiusmod in proident consequat sit. Occaecat eiusmod voluptate reprehenderit nulla qui. Ut laborum sunt eu irure anim cillum.', 'https://via.placeholder.com/400/', 'https://via.placeholder.com/400/?text=ICON', '2021-04-23 12:49:29'),
(184, 15, 18, 2, 'Laboris cupidatat aliqua ullamco sint eiusmod sunt ullamco magna. Qui irure occaecat cillum irure irure enim. Amet minim ipsum minim voluptate culpa exercitation duis.', 'https://via.placeholder.com/400/', 'https://via.placeholder.com/400/?text=ICON', '2020-10-04 08:05:10'),
(185, 37, 22, 24, 'Officia magna nostrud consequat reprehenderit duis incididunt commodo elit. Laboris velit eu ad enim nulla dolor officia. Proident qui officia mollit aute voluptate aliquip aliqua magna minim.', 'https://via.placeholder.com/400/', 'https://via.placeholder.com/400/?text=ICON', '2020-09-01 09:00:33'),
(186, 12, 32, 25, 'Irure elit sunt nulla aute id adipisicing tempor excepteur sunt sint Lorem. In laborum voluptate labore Lorem consectetur est ipsum pariatur sit est. Veniam reprehenderit voluptate dolore exercitation eu nisi.', 'https://via.placeholder.com/400/', 'https://via.placeholder.com/400/?text=ICON', '2020-07-09 04:52:24'),
(187, 13, 21, 25, 'Proident nisi tempor magna non irure. Voluptate ipsum officia mollit ex dolore adipisicing consequat laboris magna pariatur duis magna et. Excepteur exercitation aute cupidatat sit aliqua duis exercitation incididunt qui ullamco sit ex.', 'https://via.placeholder.com/400/', 'https://via.placeholder.com/400/?text=ICON', '2020-03-07 05:11:22'),
(188, 38, 33, 0, 'Officia velit ipsum qui deserunt sunt laboris deserunt mollit pariatur nisi Lorem. Exercitation eu consequat in non sint tempor Lorem exercitation sit ex laboris occaecat minim. Et reprehenderit exercitation ad consectetur.', 'https://via.placeholder.com/400/', 'https://via.placeholder.com/400/?text=ICON', '2020-03-18 05:24:36'),
(189, 9, 28, 4, 'Consectetur consequat do Lorem ad pariatur eu eu. Veniam fugiat deserunt irure proident labore aliquip minim excepteur consectetur. Ad est ad aliquip ea dolore id nostrud ipsum exercitation incididunt.', 'https://via.placeholder.com/400/', 'https://via.placeholder.com/400/?text=ICON', '2020-06-03 09:31:12'),
(190, 49, 6, 16, 'Anim voluptate labore aute duis. Labore proident id quis amet enim nisi sint. Mollit officia cupidatat labore irure.', 'https://via.placeholder.com/400/', 'https://via.placeholder.com/400/?text=ICON', '2020-04-16 09:25:58'),
(191, 5, 11, 16, 'Incididunt et elit dolore nisi nostrud minim anim amet commodo velit cillum sint reprehenderit. Ipsum eu sit officia mollit qui eiusmod sint esse reprehenderit aute id nostrud non pariatur. Proident minim magna eiusmod dolore magna ipsum laborum consectetur ex.', 'https://via.placeholder.com/400/', 'https://via.placeholder.com/400/?text=ICON', '2021-03-29 05:34:48'),
(192, 24, 8, 12, 'Quis sint excepteur ad proident consequat id mollit veniam aliqua Lorem. Cillum sit do aute aliqua anim ut occaecat commodo fugiat aute. Laborum excepteur incididunt laboris tempor consectetur laboris.', 'https://via.placeholder.com/400/', 'https://via.placeholder.com/400/?text=ICON', '2020-07-16 05:15:51'),
(193, 48, 3, 26, 'Nulla consectetur et non sunt officia sit sint irure. Non Lorem amet tempor sit voluptate. Labore sunt eu ea reprehenderit duis laborum duis ad incididunt labore exercitation consequat reprehenderit.', 'https://via.placeholder.com/400/', 'https://via.placeholder.com/400/?text=ICON', '2020-11-01 10:20:43'),
(194, 38, 27, 32, 'Deserunt esse officia aute Lorem nulla. Adipisicing officia in proident ipsum excepteur in. Elit duis quis nulla qui aliquip ad consequat.', 'https://via.placeholder.com/400/', 'https://via.placeholder.com/400/?text=ICON', '2020-07-01 10:42:12'),
(195, 46, 13, 18, 'Duis amet sit adipisicing eu id. Consequat incididunt magna nisi fugiat id irure minim. Aliqua anim et sint reprehenderit sunt amet amet aliquip ad quis.', 'https://via.placeholder.com/400/', 'https://via.placeholder.com/400/?text=ICON', '2021-04-22 12:41:09'),
(196, 11, 20, 33, 'Cillum ex amet dolore cupidatat ut id occaecat non id laborum deserunt in. Laborum nulla nulla in nisi. Officia non nulla excepteur ad aliqua anim elit eiusmod veniam eiusmod proident aliquip.', 'https://via.placeholder.com/400/', 'https://via.placeholder.com/400/?text=ICON', '2020-11-10 12:02:37'),
(197, 29, 20, 16, 'Veniam cillum aute voluptate aute mollit mollit eu sint consectetur excepteur aute duis sunt sunt. Esse minim cupidatat enim ex qui ad voluptate aute cupidatat ut. Commodo irure deserunt ullamco irure officia excepteur magna irure cupidatat consequat dolore qui culpa esse.', 'https://via.placeholder.com/400/', 'https://via.placeholder.com/400/?text=ICON', '2020-06-29 11:02:56'),
(198, 8, 27, 30, 'Eu voluptate sunt consectetur aliquip. Do Lorem aliquip qui in. Velit elit tempor dolor qui elit irure.', 'https://via.placeholder.com/400/', 'https://via.placeholder.com/400/?text=ICON', '2021-01-28 02:19:40'),
(199, 50, 17, 24, 'Excepteur irure ullamco exercitation nulla aliquip aliqua in incididunt occaecat ea eiusmod. Consequat et minim in aute id cillum ea. Tempor culpa cupidatat pariatur et duis esse dolore eu.', 'https://via.placeholder.com/400/', 'https://via.placeholder.com/400/?text=ICON', '2020-11-08 04:31:03'),
(200, 13, 28, 17, 'Adipisicing anim do fugiat cillum eiusmod adipisicing laboris fugiat sunt culpa. Sint cillum id est mollit officia occaecat. Labore do anim qui enim deserunt labore.', 'https://via.placeholder.com/400/', 'https://via.placeholder.com/400/?text=ICON', '2021-01-27 04:55:16'),
(201, 35, 3, 17, 'Elit laborum eiusmod enim exercitation sunt labore ad deserunt ex esse non. Minim magna irure ullamco labore aliqua magna. Do dolore elit laborum ea commodo nostrud commodo esse eiusmod.', 'https://via.placeholder.com/400/', 'https://via.placeholder.com/400/?text=ICON', '2021-01-13 05:52:27'),
(202, 49, 10, 11, 'Voluptate duis esse ad aute quis ex esse. Officia sint qui in velit aute excepteur et ex aliquip labore pariatur Lorem. Cupidatat duis elit ad consectetur sit do.', 'https://via.placeholder.com/400/', 'https://via.placeholder.com/400/?text=ICON', '2020-01-28 10:27:45'),
(203, 33, 30, 26, 'Adipisicing nulla consequat ipsum mollit in minim. Officia veniam in culpa adipisicing sint amet ad nisi deserunt pariatur dolore consequat non irure. Aute velit commodo in quis consectetur Lorem nostrud ea.', 'https://via.placeholder.com/400/', 'https://via.placeholder.com/400/?text=ICON', '2020-10-26 09:34:44'),
(204, 49, 25, 25, 'Esse non ad labore fugiat dolore velit irure excepteur reprehenderit do officia elit. Qui pariatur esse non aliqua cupidatat duis exercitation labore consectetur officia deserunt reprehenderit fugiat. Ex dolore velit sit adipisicing.', 'https://via.placeholder.com/400/', 'https://via.placeholder.com/400/?text=ICON', '2020-03-18 11:07:12'),
(205, 1, 16, 32, 'Eu laboris cillum culpa velit dolor sunt elit minim. Amet sint qui est non dolore exercitation incididunt dolore veniam sint ut veniam elit id. Non Lorem exercitation nisi commodo dolore do velit irure.', 'https://via.placeholder.com/400/', 'https://via.placeholder.com/400/?text=ICON', '2020-05-26 08:15:00'),
(206, 21, 32, 9, 'Incididunt est irure nisi culpa consequat consequat ut. Voluptate fugiat cillum reprehenderit amet deserunt veniam. Aliquip ex sit amet occaecat in sit reprehenderit sit ut cillum.', 'https://via.placeholder.com/400/', 'https://via.placeholder.com/400/?text=ICON', '2020-02-19 06:42:09'),
(207, 44, 13, 14, 'Exercitation laboris exercitation eu incididunt in commodo labore. Mollit duis incididunt cupidatat eu do exercitation est non officia in proident deserunt aute cillum. Nisi ut consectetur duis commodo adipisicing esse proident culpa laborum.', 'https://via.placeholder.com/400/', 'https://via.placeholder.com/400/?text=ICON', '2020-05-15 08:19:42'),
(208, 3, 5, 33, 'Duis qui laborum sint proident cillum laboris sunt velit laborum ad consectetur amet. Magna elit nulla sunt ad amet sunt laboris commodo nulla labore sunt. Sit proident eu esse excepteur.', 'https://via.placeholder.com/400/', 'https://via.placeholder.com/400/?text=ICON', '2020-12-23 03:37:04'),
(209, 37, 3, 5, 'Velit sit sunt ex aliqua ea et enim reprehenderit sint nisi minim. Duis sunt sit ullamco eiusmod ex magna magna ullamco amet nulla eiusmod. Incididunt est consequat labore non occaecat velit nisi cupidatat mollit deserunt.', 'https://via.placeholder.com/400/', 'https://via.placeholder.com/400/?text=ICON', '2020-09-25 03:07:54'),
(210, 50, 22, 24, 'Eu eu deserunt et cillum esse magna ipsum ex. Voluptate laboris eu sunt do sit velit sunt. Ut aliquip ex amet minim tempor ex elit veniam incididunt elit anim.', 'https://via.placeholder.com/400/', 'https://via.placeholder.com/400/?text=ICON', '2020-02-29 09:51:49'),
(211, 18, 7, 0, 'Pariatur qui minim cillum anim occaecat nulla do irure esse tempor elit dolor. Ullamco magna aute dolore ipsum id sunt voluptate sunt ea. Quis sint laboris Lorem cillum ad deserunt reprehenderit occaecat esse culpa ea magna enim.', 'https://via.placeholder.com/400/', 'https://via.placeholder.com/400/?text=ICON', '2020-05-11 01:24:35'),
(212, 12, 32, 1, 'Laborum do id aliquip id sunt nisi qui sit incididunt deserunt irure. In amet quis proident excepteur ipsum non ad. Voluptate magna laboris cupidatat tempor fugiat irure pariatur.', 'https://via.placeholder.com/400/', 'https://via.placeholder.com/400/?text=ICON', '2020-01-16 08:49:45'),
(213, 45, 27, 26, 'Aliqua eu voluptate commodo aliqua consectetur ea culpa nulla id cupidatat id ea Lorem. Fugiat ea consequat in est nostrud cupidatat reprehenderit deserunt. Id non fugiat ipsum eu consequat nostrud Lorem elit.', 'https://via.placeholder.com/400/', 'https://via.placeholder.com/400/?text=ICON', '2020-08-06 06:38:22'),
(214, 13, 2, 36, 'Do consequat esse dolor aliqua magna do veniam aliqua enim est irure sint ut incididunt. Fugiat et qui officia id sit aliqua ex nulla minim veniam. Culpa esse ipsum irure nisi laborum.', 'https://via.placeholder.com/400/', 'https://via.placeholder.com/400/?text=ICON', '2020-01-11 03:52:01'),
(215, 14, 20, 12, 'Eiusmod et consectetur eu velit ea ullamco anim sunt laboris. Veniam duis consectetur est magna incididunt deserunt pariatur irure enim mollit aute eu. Occaecat dolor adipisicing ex do magna mollit culpa.', 'https://via.placeholder.com/400/', 'https://via.placeholder.com/400/?text=ICON', '2020-02-28 12:06:11'),
(216, 45, 9, 3, 'Ut ullamco voluptate et ad culpa voluptate non. Non officia magna officia excepteur proident eiusmod. Ad reprehenderit pariatur qui tempor.', 'https://via.placeholder.com/400/', 'https://via.placeholder.com/400/?text=ICON', '2020-03-16 11:09:20'),
(217, 31, 20, 12, 'Id dolor reprehenderit officia laborum qui id minim minim. Elit labore commodo sit sunt dolore elit. Id sint labore id reprehenderit amet proident dolor consectetur adipisicing anim.', 'https://via.placeholder.com/400/', 'https://via.placeholder.com/400/?text=ICON', '2021-03-09 09:29:15'),
(218, 48, 17, 33, 'Proident qui qui aliqua ut nisi exercitation amet aute occaecat nostrud. Aliqua quis proident exercitation est minim aliqua tempor qui irure anim officia deserunt. Pariatur cupidatat dolore esse in qui culpa labore aute cupidatat.', 'https://via.placeholder.com/400/', 'https://via.placeholder.com/400/?text=ICON', '2020-03-01 01:09:51'),
(219, 32, 7, 2, 'Commodo laboris labore commodo consequat quis velit reprehenderit qui. Amet nostrud consectetur pariatur cupidatat proident sint sint voluptate esse veniam quis culpa. Labore et in cupidatat cupidatat commodo excepteur ea.', 'https://via.placeholder.com/400/', 'https://via.placeholder.com/400/?text=ICON', '2020-04-29 06:35:15'),
(220, 13, 34, 1, 'Occaecat do reprehenderit laboris eiusmod sint. Voluptate cupidatat reprehenderit eu anim. Non Lorem labore dolor non sit ex duis sunt.', 'https://via.placeholder.com/400/', 'https://via.placeholder.com/400/?text=ICON', '2020-02-24 02:37:32'),
(221, 17, 3, 33, 'Anim elit sunt nisi nulla occaecat mollit amet laboris ea. Enim labore ipsum dolore cupidatat enim aliquip adipisicing aute veniam eu duis tempor magna consectetur. Incididunt quis deserunt laborum qui fugiat Lorem est adipisicing amet adipisicing amet incididunt id nulla.', 'https://via.placeholder.com/400/', 'https://via.placeholder.com/400/?text=ICON', '2020-07-26 05:29:33'),
(222, 8, 16, 7, 'Mollit anim amet officia consequat labore enim ad ea occaecat esse officia veniam do Lorem. Culpa velit culpa nostrud anim eiusmod enim. Labore exercitation anim non id.', 'https://via.placeholder.com/400/', 'https://via.placeholder.com/400/?text=ICON', '2020-09-17 02:04:06'),
(223, 32, 6, 9, 'Sint pariatur amet incididunt consequat aliquip ut id elit ullamco veniam est excepteur. Culpa cillum eu incididunt enim aliquip voluptate velit aliqua. Magna aliqua ex culpa sunt minim qui reprehenderit duis incididunt.', 'https://via.placeholder.com/400/', 'https://via.placeholder.com/400/?text=ICON', '2020-05-27 11:16:26'),
(224, 20, 25, 24, 'Lorem anim deserunt aute Lorem incididunt amet irure minim ut. Laborum Lorem et sit dolore est eiusmod aliquip nostrud qui proident voluptate velit exercitation. Irure voluptate duis ut culpa aute enim eu duis eu aliqua id culpa dolor cupidatat.', 'https://via.placeholder.com/400/', 'https://via.placeholder.com/400/?text=ICON', '2021-03-26 05:27:44'),
(225, 16, 27, 13, 'Duis laboris esse reprehenderit sit esse aute do aliqua. Pariatur commodo commodo duis laborum eu velit excepteur et occaecat. Adipisicing dolor ullamco dolore incididunt nisi mollit qui adipisicing est.', 'https://via.placeholder.com/400/', 'https://via.placeholder.com/400/?text=ICON', '2021-04-04 11:34:10'),
(226, 49, 16, 1, 'Ex id quis nulla dolore incididunt magna velit Lorem id enim. Occaecat veniam ipsum consequat nostrud velit sit adipisicing ullamco sint ullamco ullamco nulla in eu. Eu culpa occaecat irure incididunt labore velit laboris id laborum ea amet non quis laboris.', 'https://via.placeholder.com/400/', 'https://via.placeholder.com/400/?text=ICON', '2021-01-27 12:10:40'),
(227, 11, 9, 6, 'Nostrud amet aliqua do ullamco ea. Minim eu labore adipisicing culpa voluptate nulla incididunt officia proident sunt. Et elit elit proident deserunt et occaecat.', 'https://via.placeholder.com/400/', 'https://via.placeholder.com/400/?text=ICON', '2020-05-19 09:24:40'),
(228, 23, 33, 4, 'Laboris aliqua aliquip consectetur laboris minim cupidatat. Ullamco est consectetur aliquip occaecat ex voluptate culpa nulla pariatur id. Excepteur fugiat aliqua labore exercitation.', 'https://via.placeholder.com/400/', 'https://via.placeholder.com/400/?text=ICON', '2020-12-11 10:20:44'),
(229, 33, 19, 5, 'Ut pariatur cupidatat duis esse incididunt eiusmod sunt nisi magna et dolor eiusmod. Mollit qui amet duis fugiat irure magna aliqua. Laborum aliqua et et sit mollit dolore adipisicing occaecat esse ex aute amet.', 'https://via.placeholder.com/400/', 'https://via.placeholder.com/400/?text=ICON', '2020-01-25 07:58:51'),
(230, 50, 34, 35, 'Voluptate sit tempor ex consectetur do pariatur laborum enim do non mollit. Officia aliquip esse Lorem ipsum est quis pariatur. Esse ad excepteur laboris aliquip pariatur.', 'https://via.placeholder.com/400/', 'https://via.placeholder.com/400/?text=ICON', '2020-02-20 07:50:31'),
(231, 10, 23, 17, 'Aliquip Lorem anim Lorem reprehenderit aliqua in. Nostrud aliqua magna culpa Lorem minim qui dolor dolore. Aliquip do cillum ullamco commodo.', 'https://via.placeholder.com/400/', 'https://via.placeholder.com/400/?text=ICON', '2021-04-30 08:27:12'),
(232, 18, 22, 34, 'Laboris culpa elit esse culpa laborum sit est consectetur nulla. Reprehenderit dolore ad adipisicing irure irure deserunt deserunt ut dolor ipsum irure. Ex enim labore adipisicing laboris et est pariatur nulla incididunt.', 'https://via.placeholder.com/400/', 'https://via.placeholder.com/400/?text=ICON', '2020-02-22 05:52:50'),
(233, 38, 29, 5, 'Velit in eiusmod magna culpa ea laboris id minim do laborum magna. Ipsum velit et sunt sint elit commodo est dolore consequat ullamco aliquip irure. Consequat commodo proident magna nisi aliquip ex ea magna.', 'https://via.placeholder.com/400/', 'https://via.placeholder.com/400/?text=ICON', '2020-09-07 12:38:26'),
(234, 1, 17, 31, 'Sit ex proident ut eiusmod excepteur nisi velit sint. Minim voluptate ipsum sint laboris ea nostrud sint ex laboris. Quis laborum minim pariatur excepteur.', 'https://via.placeholder.com/400/', 'https://via.placeholder.com/400/?text=ICON', '2020-04-19 04:30:18'),
(235, 9, 3, 11, 'Amet duis sit eiusmod sunt aute. Aliquip deserunt dolor laborum incididunt aliquip reprehenderit veniam sint elit. Deserunt aute irure sit ipsum sit cillum id.', 'https://via.placeholder.com/400/', 'https://via.placeholder.com/400/?text=ICON', '2021-01-03 06:58:00'),
(236, 30, 10, 3, 'Eu adipisicing labore ullamco quis fugiat quis tempor consectetur dolore. Reprehenderit duis et exercitation aliqua ullamco elit. Voluptate voluptate excepteur minim officia consectetur proident enim ex pariatur minim nulla irure.', 'https://via.placeholder.com/400/', 'https://via.placeholder.com/400/?text=ICON', '2021-01-18 01:34:31'),
(237, 12, 29, 18, 'Nisi cillum Lorem eu qui fugiat dolore do ad. Fugiat aliqua commodo nisi voluptate ad occaecat qui exercitation mollit excepteur ut ut et. Consequat consectetur nostrud exercitation deserunt adipisicing anim ullamco enim tempor ullamco.', 'https://via.placeholder.com/400/', 'https://via.placeholder.com/400/?text=ICON', '2021-04-02 02:45:21'),
(238, 27, 22, 34, 'Voluptate est ipsum labore nulla quis labore cupidatat fugiat duis proident dolore. Mollit nulla incididunt consequat eu consectetur. Minim commodo ipsum quis laboris laborum.', 'https://via.placeholder.com/400/', 'https://via.placeholder.com/400/?text=ICON', '2020-07-02 07:10:33'),
(239, 2, 20, 18, 'Labore consectetur esse culpa esse. Occaecat exercitation elit labore proident commodo est dolor. Aliquip ipsum voluptate proident aute culpa.', 'https://via.placeholder.com/400/', 'https://via.placeholder.com/400/?text=ICON', '2020-08-20 01:49:09'),
(240, 29, 19, 35, 'Proident aute aliqua quis do duis officia consequat id. Deserunt duis est tempor est laborum ut. Dolor nulla magna id mollit nostrud do nulla tempor dolor quis deserunt voluptate do.', 'https://via.placeholder.com/400/', 'https://via.placeholder.com/400/?text=ICON', '2020-08-13 12:22:13'),
(241, 6, 2, 12, 'Magna proident Lorem sit mollit deserunt exercitation commodo ad amet anim occaecat aliqua quis. Incididunt id enim minim fugiat. Minim aute reprehenderit occaecat tempor pariatur elit id id officia sit reprehenderit.', 'https://via.placeholder.com/400/', 'https://via.placeholder.com/400/?text=ICON', '2020-02-22 02:45:15'),
(242, 43, 29, 9, 'Dolor consectetur sunt non eu excepteur. Ut culpa commodo sit velit occaecat pariatur culpa quis dolor velit laborum tempor. Magna quis eu dolor fugiat.', 'https://via.placeholder.com/400/', 'https://via.placeholder.com/400/?text=ICON', '2020-08-17 07:30:44'),
(243, 27, 15, 35, 'Excepteur et amet id laboris deserunt. Tempor sunt do excepteur in nostrud adipisicing eiusmod duis laboris ad enim. Aute non est duis elit reprehenderit non irure ullamco ex laboris culpa veniam aliqua.', 'https://via.placeholder.com/400/', 'https://via.placeholder.com/400/?text=ICON', '2020-07-20 09:43:07'),
(244, 3, 32, 28, 'Nostrud cupidatat ea laboris velit adipisicing do mollit officia dolore occaecat Lorem dolor aliquip. Nisi proident eu excepteur labore exercitation ex. Officia velit laboris tempor mollit ipsum anim velit exercitation.', 'https://via.placeholder.com/400/', 'https://via.placeholder.com/400/?text=ICON', '2020-12-13 05:14:41'),
(245, 25, 23, 6, 'Aliqua proident pariatur in est nulla irure mollit ad. Enim cupidatat do labore irure occaecat. Eiusmod esse adipisicing consectetur laborum et esse adipisicing laborum.', 'https://via.placeholder.com/400/', 'https://via.placeholder.com/400/?text=ICON', '2020-08-08 02:18:48'),
(246, 32, 5, 20, 'Culpa officia quis fugiat magna ullamco incididunt proident sunt in. Aliquip commodo fugiat incididunt aute duis enim sit aliqua minim ipsum mollit magna aute cillum. Voluptate duis adipisicing ea duis.', 'https://via.placeholder.com/400/', 'https://via.placeholder.com/400/?text=ICON', '2021-03-24 10:27:09'),
(247, 33, 17, 34, 'Culpa ipsum commodo fugiat commodo. Incididunt ea sunt voluptate veniam eiusmod laboris adipisicing ad cupidatat ipsum adipisicing. Elit sint eiusmod aute amet fugiat consequat ad pariatur enim.', 'https://via.placeholder.com/400/', 'https://via.placeholder.com/400/?text=ICON', '2021-02-25 08:37:14'),
(248, 31, 3, 0, 'Do proident culpa aliquip nisi qui labore amet magna aliqua ex ut proident eu dolor. Nisi occaecat ipsum pariatur commodo ad incididunt. Incididunt exercitation magna sint culpa dolore ad ex minim labore id in irure excepteur.', 'https://via.placeholder.com/400/', 'https://via.placeholder.com/400/?text=ICON', '2020-05-27 12:15:57'),
(249, 38, 25, 19, 'Laborum consectetur ullamco amet eiusmod. Incididunt do quis dolor quis mollit officia non veniam officia sit consectetur ut sit. Reprehenderit magna qui id Lorem sint occaecat officia duis aute minim.', 'https://via.placeholder.com/400/', 'https://via.placeholder.com/400/?text=ICON', '2020-09-05 05:13:23'),
(250, 24, 11, 21, 'Veniam deserunt dolore est anim cillum et tempor fugiat voluptate laboris laborum veniam ad qui. Nulla eu culpa laboris fugiat tempor tempor nisi amet aute. Voluptate aute excepteur laborum consequat elit labore exercitation.', 'https://via.placeholder.com/400/', 'https://via.placeholder.com/400/?text=ICON', '2020-10-17 12:40:27');

-- --------------------------------------------------------

--
-- Table structure for table `track_202130_users`
--

CREATE TABLE `track_202130_users` (
  `id` int(13) NOT NULL,
  `name` varchar(64) COLLATE utf8_unicode_ci DEFAULT NULL,
  `username` varchar(64) COLLATE utf8_unicode_ci NOT NULL,
  `email` varchar(128) COLLATE utf8_unicode_ci NOT NULL,
  `password` varchar(256) COLLATE utf8_unicode_ci NOT NULL,
  `img` varchar(256) COLLATE utf8_unicode_ci NOT NULL,
  `date_create` datetime NOT NULL
) ENGINE=InnoDB DEFAULT CHARSET=utf8 COLLATE=utf8_unicode_ci;

--
-- Dumping data for table `track_202130_users`
--

INSERT INTO `track_202130_users` (`id`, `name`, `username`, `email`, `password`, `img`, `date_create`) VALUES
(1, 'Adele Figueroa', 'user1', 'user1@gmail.com', '1a1dc91c907325c69271ddf0c944bc72', 'https://via.placeholder.com/400/811/fff/?text=user1', '2020-12-11 02:54:38'),
(2, 'Bethany Silva', 'user2', 'user2@gmail.com', '1a1dc91c907325c69271ddf0c944bc72', 'https://via.placeholder.com/400/715/fff/?text=user2', '2020-04-02 07:49:29'),
(3, 'Courtney Prince', 'user3', 'user3@gmail.com', '1a1dc91c907325c69271ddf0c944bc72', 'https://via.placeholder.com/400/952/fff/?text=user3', '2021-02-04 12:20:05'),
(4, 'Alberta Jensen', 'user4', 'user4@gmail.com', '1a1dc91c907325c69271ddf0c944bc72', 'https://via.placeholder.com/400/870/fff/?text=user4', '2020-01-09 11:52:28'),
(5, 'Eula Bradshaw', 'user5', 'user5@gmail.com', '1a1dc91c907325c69271ddf0c944bc72', 'https://via.placeholder.com/400/743/fff/?text=user5', '2020-05-24 10:57:26'),
(6, 'Buck Landry', 'user6', 'user6@gmail.com', '1a1dc91c907325c69271ddf0c944bc72', 'https://via.placeholder.com/400/964/fff/?text=user6', '2020-06-18 08:52:17'),
(7, 'Lacey Callahan', 'user7', 'user7@gmail.com', '1a1dc91c907325c69271ddf0c944bc72', 'https://via.placeholder.com/400/734/fff/?text=user7', '2020-11-30 11:54:09'),
(8, 'Phoebe Solis', 'user8', 'user8@gmail.com', '1a1dc91c907325c69271ddf0c944bc72', 'https://via.placeholder.com/400/910/fff/?text=user8', '2020-07-27 08:01:16'),
(9, 'Nellie Montgomery', 'user9', 'user9@gmail.com', '1a1dc91c907325c69271ddf0c944bc72', 'https://via.placeholder.com/400/925/fff/?text=user9', '2020-02-22 09:33:36'),
(10, 'Hayden Saunders', 'user10', 'user10@gmail.com', '1a1dc91c907325c69271ddf0c944bc72', 'https://via.placeholder.com/400/853/fff/?text=user10', '2020-11-15 06:02:58');

--
-- Indexes for dumped tables
--

--
-- Indexes for table `track_202130_animals`
--
ALTER TABLE `track_202130_animals`
  ADD PRIMARY KEY (`id`);

--
-- Indexes for table `track_202130_locations`
--
ALTER TABLE `track_202130_locations`
  ADD PRIMARY KEY (`id`);

--
-- Indexes for table `track_202130_users`
--
ALTER TABLE `track_202130_users`
  ADD PRIMARY KEY (`id`);

--
-- AUTO_INCREMENT for dumped tables
--

--
-- AUTO_INCREMENT for table `track_202130_animals`
--
ALTER TABLE `track_202130_animals`
  MODIFY `id` int(13) NOT NULL AUTO_INCREMENT, AUTO_INCREMENT=51;

--
-- AUTO_INCREMENT for table `track_202130_locations`
--
ALTER TABLE `track_202130_locations`
  MODIFY `id` int(13) NOT NULL AUTO_INCREMENT, AUTO_INCREMENT=251;

--
-- AUTO_INCREMENT for table `track_202130_users`
--
ALTER TABLE `track_202130_users`
  MODIFY `id` int(13) NOT NULL AUTO_INCREMENT, AUTO_INCREMENT=11;
COMMIT;

/*!40101 SET CHARACTER_SET_CLIENT=@OLD_CHARACTER_SET_CLIENT */;
/*!40101 SET CHARACTER_SET_RESULTS=@OLD_CHARACTER_SET_RESULTS */;
/*!40101 SET COLLATION_CONNECTION=@OLD_COLLATION_CONNECTION */;
