-- phpMyAdmin SQL Dump
-- version 4.9.5
-- https://www.phpmyadmin.net/
--
-- Host: localhost:3306
-- Generation Time: Apr 16, 2021 at 12:33 AM
-- Server version: 5.6.41-84.1
-- PHP Version: 7.3.27

SET SQL_MODE = "NO_AUTO_VALUE_ON_ZERO";
SET AUTOCOMMIT = 0;
START TRANSACTION;
SET time_zone = "+00:00";

--
-- Database: `anotherl_butterfly_tracker`
--

-- --------------------------------------------------------

--
-- Table structure for table `track_animals`
--

CREATE TABLE `track_animals` (
  `id` int(11) NOT NULL,
  `user_id` int(11) NOT NULL,
  `name` varchar(64) COLLATE utf8_unicode_ci NOT NULL,
  `breed` varchar(64) COLLATE utf8_unicode_ci NOT NULL,
  `description` text COLLATE utf8_unicode_ci NOT NULL,
  `img` varchar(256) COLLATE utf8_unicode_ci NOT NULL,
  `date_create` datetime NOT NULL
) ENGINE=InnoDB DEFAULT CHARSET=utf8 COLLATE=utf8_unicode_ci;

--
-- Dumping data for table `track_animals`
--

INSERT INTO `track_animals` (`id`, `user_id`, `name`, `breed`, `description`, `img`, `date_create`) VALUES
(1, 10, 'Intradisk ', 'Bulldog', 'Cillum eu culpa proident veniam culpa commodo eu ad tempor nostrud pariatur ullamco Lorem consequat. Labore eiusmod incididunt occaecat mollit duis est sit excepteur. Sunt exercitation labore aute minim.', 'https://via.placeholder.com/400/910/fff/?text=Intradisk ', '2020-05-25 12:35:29'),
(2, 3, 'Plexia ', 'Bulldog', 'Cillum exercitation ad ipsum adipisicing consequat. Eu proident minim deserunt do veniam aliqua in adipisicing in incididunt ex eiusmod cupidatat adipisicing. Est irure commodo Lorem incididunt eiusmod enim sunt sint voluptate.', 'https://via.placeholder.com/400/785/fff/?text=Plexia ', '2020-05-05 09:11:31'),
(3, 1, 'Affluex ', 'Cane corso', 'Excepteur incididunt cillum eiusmod eiusmod adipisicing nisi laboris eu consectetur tempor. Incididunt veniam deserunt deserunt eu cupidatat est nisi velit consequat. Elit duis officia aute duis velit.', 'https://via.placeholder.com/400/727/fff/?text=Affluex ', '2020-05-21 08:30:22'),
(4, 4, 'Assistia ', 'Bichon frise', 'Dolor culpa Lorem cupidatat ex commodo proident aliqua tempor non culpa pariatur cillum. Nostrud id deserunt eu qui mollit commodo est dolore sint. Ea commodo officia in dolor qui ex id velit voluptate sit cillum consectetur et deserunt.', 'https://via.placeholder.com/400/760/fff/?text=Assistia ', '2020-08-30 02:20:16'),
(5, 10, 'Ecratic ', 'Shiba Inu', 'Pariatur officia consectetur tempor voluptate sunt dolor aute ut cupidatat eiusmod culpa sint. Deserunt ex cillum laborum duis cupidatat cillum eiusmod. Proident laborum ex duis proident aute qui aliqua et ullamco cillum non et cillum labore.', 'https://via.placeholder.com/400/824/fff/?text=:cratic ', '2020-09-25 10:23:26'),
(6, 10, 'Marvane ', 'Bichon frise', 'Nulla ex fugiat eiusmod ullamco aliquip veniam duis ut eu eiusmod enim aliqua eu do. In consectetur ullamco et velit consequat anim ipsum pariatur. Nisi eu incididunt in magna amet non non aliquip est esse ad elit.', 'https://via.placeholder.com/400/845/fff/?text=Marvane ', '2020-04-03 10:32:25'),
(7, 2, 'Visualix ', 'Cane corso', 'Do anim excepteur mollit et cupidatat. Qui occaecat adipisicing sunt consequat magna. Ex dolore incididunt aliquip qui nisi duis anim laboris excepteur excepteur anim nulla pariatur.', 'https://via.placeholder.com/400/816/fff/?text=Visualix ', '2020-05-30 11:50:36'),
(8, 1, 'Bedlam ', 'Bichon frise', 'Est ex fugiat nisi ipsum fugiat pariatur non. Aliqua irure fugiat cillum commodo. Labore incididunt qui ea nisi Lorem eu.', 'https://via.placeholder.com/400/728/fff/?text=Bedlam ', '2020-06-09 12:20:35'),
(9, 3, 'Dognost ', 'Shiba Inu', 'Esse fugiat ea nostrud id veniam commodo anim adipisicing non commodo. Ipsum sunt fugiat et sint. Consequat eiusmod nostrud labore enim cupidatat elit eu consectetur cillum cupidatat consectetur ex.', 'https://via.placeholder.com/400/821/fff/?text=Dognost ', '2020-07-15 02:52:08'),
(10, 3, 'Zedalis ', 'Cavalier-King-Charles-Spaniel', 'Et sint et consequat esse culpa dolor elit sunt dolore sunt sint. Aute esse nulla labore aliqua excepteur qui elit culpa labore nostrud. Labore labore officia voluptate consequat sint enim incididunt duis.', 'https;//via.placeholder.com/400/947/fff/?text=Zedalis ', '2020-08-30 09:32:15'),
(11, 8, 'Junipoor ', 'Shiba Inu', 'Do officia dolore consectetur cupidatat duis ex est irure amet laborum sunt quis deserunt. Exercitation velit ut qui ea. Exercitation incididunt tempor cillum tempor.', 'https;//via.placeholder.com/400/904/fff/?text=Junipoor ', '2020-04-12 10:18:22'),
(12, 7, 'Biotica ', 'Russell-Terrier', 'Enim amet tempor sint esse consequat ad minim sunt minim ea fugiat. Voluptate et laborum officia duis do ipsum irure et consequat consectetur amet cillum veniam quis. Duis eu cupidatat ipsum sit proident velit eu non commodo.', 'https://via.placeholder.com/400/826/fff/?text=Biotica ', '2020-06-12 03:14:02'),
(13, 2, 'Zytrex ', 'Cane corso', 'Consectetur exercitation irure dolore culpa minim enim eiusmod cupidatat consequat. Ut veniam duis est ullamco magna excepteur do ad. Pariatur ut nulla consequat in proident labore laboris excepteur fugiat.', 'https;//via.placeholder.com/400/998/fff/?text=Zytrex ', '2020-07-01 12:01:31'),
(14, 8, 'Candecor ', 'Russell-Terrier', 'Sunt cillum labore occaecat irure veniam voluptate ea occaecat do nisi Lorem duis do laborum. Labore laboris ut labore dolor magna culpa commodo ex enim aliquip. Aliqua cillum enim eiusmod qui commodo ad in excepteur Lorem.', 'https;//via.placeholder.com/400/877/fff/?text=Candecor ', '2020-10-09 07:33:57'),
(15, 1, 'Zilidium ', 'Cane corso', 'Labore cillum et veniam ut quis deserunt consequat non incididunt. Occaecat ut eu ipsum velit magna ut eu deserunt velit est est amet ad do. Dolor ex pariatur pariatur duis sunt exercitation eu pariatur exercitation veniam.', 'https;//via.placeholder.com/400/940/fff/?text=Zilidium ', '2020-08-16 02:38:12'),
(16, 2, 'Geekmosis ', 'Bulldog', 'Sint in in in enim aute laborum proident sit amet duis mollit. Ullamco est ut incididunt ut dolor. Laborum pariatur occaecat aliqua nulla ipsum.', 'https;//via.placeholder.com/400/906/fff/?text=Geekmosis ', '2020-05-05 10:25:13'),
(17, 6, 'Electonic ', 'Cavalier-King-Charles-Spaniel', 'Mollit nisi incididunt dolor do ut proident qui amet. Aliqua velit esse amet duis culpa fugiat et tempor laboris ipsum in sint irure ea. Ut ipsum laborum consectetur ad aute nisi deserunt qui do et qui.', 'https;//via.placeholder.com/400/882/fff/?text=Electonic ', '2020-08-15 06:13:15'),
(18, 10, 'Poochies ', 'Dalmation', 'Commodo mollit consectetur eiusmod esse esse et. Ut est non ut do eiusmod nisi ipsum voluptate nisi elit tempor ea. Veniam velit ipsum eiusmod aliquip ullamco in dolor dolore et amet culpa ad eu.', 'https://via.placeholder.com/400/745/fff/?text=Poochies ', '2020-06-29 04:39:41'),
(19, 4, 'Bullzone ', 'Dalmation', 'Do pariatur commodo minim reprehenderit minim consequat laboris esse ad nostrud ullamco veniam. Laboris est ea Lorem irure est officia exercitation sint duis non cillum tempor ut esse. Et labore nisi aliquip excepteur commodo duis in ex eu.', 'https://via.placeholder.com/400/806/fff/?text=Bullzone ', '2020-07-17 11:56:32'),
(20, 8, 'Suretech ', 'Cavalier-King-Charles-Spaniel', 'Occaecat culpa in do occaecat ad aute do ipsum. Sint minim velit anim eiusmod eiusmod aliqua non. Lorem velit et non sit nisi do amet ipsum non commodo amet et.', 'https://via.placeholder.com/400/843/fff/?text=Suretech ', '2020-08-10 06:41:27'),
(21, 8, 'Paprikut ', 'Russell-Terrier', 'Magna consequat ullamco ut sit tempor. Fugiat pariatur tempor commodo aliqua. Aute laboris ea qui sunt aute culpa anim aliquip dolor.', 'https://via.placeholder.com/400/743/fff/?text=Paprikut ', '2020-09-07 02:57:54'),
(22, 10, 'Singavera ', 'Bulldog', 'Ipsum et fugiat labore deserunt incididunt pariatur nostrud ipsum sint. Do enim voluptate sint qui amet qui adipisicing culpa duis fugiat minim. Ullamco commodo laboris duis ipsum sint ea cupidatat reprehenderit reprehenderit veniam culpa enim labore excepteur.', 'https;//via.placeholder.com/400/964/fff/?text=Singavera ', '2020-03-24 07:47:41'),
(23, 2, 'Sybixtex ', 'Bulldog', 'Ut dolore eiusmod irure id veniam consequat enim deserunt eu adipisicing incididunt excepteur. Exercitation ea dolor laboris sint aliquip sunt nulla eu ad eu. Sint ipsum laboris veniam excepteur cillum duis exercitation amet commodo.', 'https;//via.placeholder.com/400/992/fff/?text=Sybixtex ', '2020-07-15 07:09:07'),
(24, 1, 'Vantage ', 'Cane corso', 'Sunt ea laboris ea id voluptate tempor exercitation magna do commodo pariatur. Excepteur non adipisicing enim amet cillum consectetur. Deserunt incididunt aliqua eu ea nulla mollit eu est ullamco.', 'https;//via.placeholder.com/400/971/fff/?text=Vantage ', '2020-01-07 06:58:51'),
(25, 6, 'Adornica ', 'Bichon frise', 'Ut reprehenderit sint dolore eiusmod quis. Non labore commodo dolor tempor est in in velit ea. Veniam anim sit eu ipsum anim aliquip.', 'https;//via.placeholder.com/400/903/fff/?text=Adornica ', '2020-07-06 05:44:19'),
(26, 2, 'Flumbo ', 'Shiba Inu', 'Consectetur fugiat eiusmod nostrud Lorem adipisicing cillum incididunt. Culpa occaecat aliquip duis eu ad. Aliqua nisi excepteur id sint culpa minim.', 'https://via.placeholder.com/400/846/fff/?text=Flumbo ', '2020-02-23 08:43:44'),
(27, 8, 'Ohmnet ', 'Dalmation', 'Est sunt proident laboris esse aliquip officia deserunt est. Est veniam dolore in dolor aliquip ex amet aliquip irure velit do. Velit occaecat anim non qui.', 'https;//via.placeholder.com/400/923/fff/?text=Ohmnet ', '2020-04-03 09:18:16'),
(28, 7, 'Accusage ', 'Russell-Terrier', 'Laboris et ex irure nostrud exercitation deserunt irure ex aute eu ullamco. Reprehenderit tempor anim sint amet pariatur. Ad cupidatat duis quis in nostrud deserunt voluptate incididunt ut.', 'https://via.placeholder.com/400/720/fff/?text=Accusage ', '2020-07-13 11:02:38'),
(29, 4, 'Repetwire ', 'Bulldog', 'Duis laboris dolor ullamco nulla sunt sint reprehenderit nisi occaecat do reprehenderit labore cillum culpa. Nulla aliqua fugiat aute Lorem pariatur nostrud sunt ullamco ullamco ex proident nulla in consequat. Enim do eu exercitation in do esse sint consectetur proident fugiat.', 'https;//via.placeholder.com/400/938/fff/?text=Repetwire ', '2020-05-24 12:28:13'),
(30, 10, 'Mitroc ', 'Bulldog', 'Deserunt sunt amet enim cupidatat nostrud est minim reprehenderit ea sit est. Incididunt eiusmod reprehenderit laborum fugiat enim. Nisi excepteur eu occaecat qui sint occaecat eu eu minim aliqua sunt minim aliqua.', 'https://via.placeholder.com/400/785/fff/?text=Mitroc ', '2020-02-25 11:15:42'),
(31, 2, 'Deepends ', 'Bichon frise', 'Aliqua Lorem sit eiusmod nulla duis. Et duis aliqua magna adipisicing nostrud velit sunt commodo laborum nostrud nisi. Nisi tempor consequat consequat duis sunt dolore nulla occaecat consequat.', 'https;//via.placeholder.com/400/963/fff/?text=Deepends ', '2020-01-29 11:30:08'),
(32, 5, 'Bolax ', 'Russell-Terrier', 'Nulla non minim officia dolore nulla nostrud consequat deserunt duis. Lorem occaecat ea laborum nisi irure nisi sit laboris id reprehenderit quis Lorem. Sit tempor est et adipisicing ullamco.', 'https;//via.placeholder.com/400/907/fff/?text=Bolax ', '2020-04-01 08:11:28'),
(33, 8, 'Insource ', 'Dalmation', 'Ullamco exercitation qui culpa do qui amet commodo sunt et magna est in mollit. Enim aliquip minim do sunt cupidatat laboris qui aliqua velit ipsum est duis reprehenderit mollit. Pariatur elit veniam ut irure deserunt nulla voluptate irure quis non sint culpa magna reprehenderit.', 'https://via.placeholder.com/400/762/fff/?text=Insource ', '2020-10-14 03:15:04'),
(34, 7, 'Cogentry ', 'Cavalier-King-Charles-Spaniel', 'Irure laborum ex ut voluptate voluptate ex do elit laboris. Aliqua dolor ipsum laborum culpa in consectetur sunt id. Ea veniam elit do ex quis eu non aute.', 'https;//via.placeholder.com/400/972/fff/?text=Cogentry ', '2020-02-15 10:46:30'),
(35, 6, 'Straloy ', 'Bulldog', 'Consequat elit eiusmod aute do nostrud dolor sunt officia non. Sunt consectetur deserunt ipsum esse ad elit nisi adipisicing veniam non. Do adipisicing tempor pariatur ullamco ea anim et exercitation consectetur nulla nisi velit in.', 'https;//via.placeholder.com/400/972/fff/?text=Straloy ', '2020-09-29 10:22:02'),
(36, 3, 'Solgan ', 'Cane corso', 'Ipsum id nulla labore ea nisi sunt qui dolor fugiat quis proident irure nisi. Proident consectetur aute veniam quis duis anim cillum non deserunt et officia. Tempor sint consequat mollit Lorem voluptate proident.', 'https://via.placeholder.com/400/839/fff/?text=Solgan ', '2020-03-15 10:42:06'),
(37, 1, 'Barkarama ', 'Dalmation', 'Qui occaecat pariatur laboris sunt aliqua aliquip in sint. Qui ad mollit excepteur fugiat culpa pariatur amet et deserunt. Est esse consequat aliquip laboris do nisi et non qui magna consequat.', 'https://via.placeholder.com/400/839/fff/?text=Barkarama ', '2020-03-20 09:10:25'),
(38, 4, 'Edecine ', 'Cane corso', 'Nisi do commodo fugiat commodo incididunt voluptate dolor nulla officia occaecat qui. Lorem velit irure proident non do anim nulla Lorem sint culpa fugiat deserunt labore. Ipsum enim consequat aliqua voluptate occaecat cupidatat.', 'https;//via.placeholder.com/400/901/fff/?text=Edecine ', '2020-01-19 11:21:09'),
(39, 2, 'Isotrack ', 'Shiba Inu', 'Exercitation anim commodo consequat velit cupidatat ad pariatur dolor. Duis aliqua exercitation sunt tempor dolore. Adipisicing ea et sint enim aliqua velit nisi.', 'https://via.placeholder.com/400/871/fff/?text=Isotrack ', '2020-07-15 09:52:24'),
(40, 1, 'Acrodance ', 'Bulldog', 'Consequat tempor ad anim do. Elit ipsum consequat adipisicing eu commodo esse laboris ex sint quis ad anim aliquip. Commodo quis occaecat occaecat fugiat Lorem.', 'https://via.placeholder.com/400/708/fff/?text=Acrodance ', '2020-02-03 08:08:11'),
(41, 7, 'Vurbo ', 'Dalmation', 'Officia voluptate ex aliquip fugiat. Lorem excepteur mollit nostrud nisi esse culpa. Adipisicing adipisicing velit irure duis quis sunt laboris ut cillum sunt nisi ad.', 'https://via.placeholder.com/400/785/fff/?text=Vurbo ', '2020-01-17 10:19:17'),
(42, 5, 'Boilicon ', 'Cane corso', 'Nisi do anim ullamco elit exercitation. Sunt ea do laborum sunt reprehenderit veniam ut sit cupidatat aute. Dolor laboris reprehenderit et elit ea cupidatat consequat ullamco et ullamco dolore anim.', 'https;//via.placeholder.com/400/980/fff/?text=Boilicon ', '2020-02-10 09:25:44'),
(43, 8, 'Octocore ', 'Bulldog', 'Amet cillum consectetur voluptate voluptate culpa eiusmod veniam ullamco exercitation tempor commodo officia. Sunt dolore nulla pariatur cillum id adipisicing. Proident irure sint reprehenderit culpa pariatur.', 'https://via.placeholder.com/400/822/fff/?text=Octocore ', '2020-05-10 02:08:16'),
(44, 9, 'Nebulean ', 'Dalmation', 'Minim voluptate Lorem reprehenderit consectetur velit reprehenderit incididunt aute incididunt nisi officia. Consectetur ad consequat aliqua do consequat ipsum non proident quis velit. Laborum Lorem minim sit eiusmod ad eiusmod.', 'https;//via.placeholder.com/400/962/fff/?text=Nebulean ', '2020-01-23 09:09:09'),
(45, 9, 'Norali ', 'Bichon frise', 'Elit eiusmod occaecat reprehenderit in. Do ullamco proident Lorem non culpa non minim amet sint tempor et. Tempor magna cillum exercitation excepteur ullamco exercitation ullamco.', 'https://via.placeholder.com/400/772/fff/?text=Norali ', '2020-03-26 09:42:06'),
(46, 5, 'Retrotex ', 'Cavalier-King-Charles-Spaniel', 'Proident eu irure tempor irure. Nisi nulla reprehenderit ullamco magna veniam enim cupidatat occaecat pariatur ex sit culpa deserunt amet. Nostrud ea sunt cupidatat sint enim fugiat voluptate quis Lorem.', 'https;//via.placeholder.com/400/892/fff/?text=Retrotex ', '2020-04-30 07:56:00'),
(47, 3, 'Callflex ', 'Bichon frise', 'Dolor velit cillum aliqua cillum magna quis consectetur voluptate. Excepteur laboris ea ea velit aliqua amet minim elit proident. Eu et ad do dolor enim nulla culpa culpa magna consectetur aliqua.', 'https://via.placeholder.com/400/854/fff/?text=Callflex ', '2020-10-08 03:21:23'),
(48, 4, 'Slambda ', 'Cavalier-King-Charles-Spaniel', 'Occaecat consequat minim in occaecat eu. Aute ex ipsum cillum cillum cillum aute labore et. Dolor magna in magna mollit officia nisi.', 'https://via.placeholder.com/400/834/fff/?text=Slambda ', '2020-06-01 07:16:28'),
(49, 8, 'Corporana ', 'Bulldog', 'Et amet nostrud eiusmod ex cillum reprehenderit eiusmod proident. Sit eiusmod adipisicing do anim esse. Quis eiusmod officia quis non elit quis ipsum.', 'https;//via.placeholder.com/400/973/fff/?text=Corporana ', '2020-09-11 02:29:30'),
(50, 6, 'Pharmacon ', 'Cane corso', 'Ea labore nostrud eiusmod do commodo cillum minim eiusmod sunt esse amet nostrud. Cupidatat in dolor ad dolor velit excepteur proident. Pariatur nostrud voluptate minim mollit ad amet pariatur.', 'https;//via.placeholder.com/400/955/fff/?text=Pharmacon ', '2020-02-25 12:52:42');

-- --------------------------------------------------------

--
-- Table structure for table `track_locations`
--

CREATE TABLE `track_locations` (
  `id` int(11) NOT NULL,
  `animal_id` int(11) NOT NULL,
  `lat` decimal(9,6) NOT NULL,
  `lng` decimal(9,6) NOT NULL,
  `description` text COLLATE utf8_unicode_ci NOT NULL,
  `photo` varchar(256) COLLATE utf8_unicode_ci NOT NULL,
  `icon` varchar(256) COLLATE utf8_unicode_ci NOT NULL,
  `date_create` datetime NOT NULL
) ENGINE=InnoDB DEFAULT CHARSET=utf8 COLLATE=utf8_unicode_ci;

--
-- Dumping data for table `track_locations`
--

INSERT INTO `track_locations` (`id`, `animal_id`, `lat`, `lng`, `description`, `photo`, `icon`, `date_create`) VALUES
(1, 42, 37.757794, -122.432502, 'Deserunt do laboris cupidatat sint tempor et id fugiat commodo in non eu veniam. Reprehenderit non cupidatat ad cillum velit quis aliqua. Laboris sunt velit ea excepteur irure fugiat quis aliquip dolore nostrud nisi.', 'https://via.placeholder.com/400/', 'https://via.placeholder.com/100/text=ICON', '2020-04-19 04:50:09'),
(2, 13, 37.773109, -122.442931, 'Reprehenderit sunt elit esse quis pariatur eu nostrud cillum duis cupidatat exercitation do consequat. Ut est sunt amet ea nostrud tempor irure laborum amet proident veniam commodo qui id. Exercitation incididunt nisi laboris culpa elit dolore consequat.', 'https://via.placeholder.com/400/', 'https://via.placeholder.com/100/text=ICON', '2020-08-10 12:55:26'),
(3, 41, 37.761035, -122.466762, 'Aute proident ex ut ea ipsum adipisicing tempor excepteur est anim laboris sit do irure. Labore aliqua quis consectetur et sint irure aute cillum proident ex nulla dolore irure. Ex laborum est veniam ea elit ipsum irure enim pariatur nostrud irure cupidatat.', 'https://via.placeholder.com/400/', 'https://via.placeholder.com/100/text=ICON', '2020-09-22 06:59:01'),
(4, 47, 37.761970, -122.451127, 'Eiusmod minim nisi minim aliquip commodo consectetur et labore in est non cillum. Amet occaecat in id dolore sint veniam ullamco ea anim. Reprehenderit dolore pariatur dolore sunt quis.', 'https://via.placeholder.com/400/', 'https://via.placeholder.com/100/text=ICON', '2020-08-15 12:59:03'),
(5, 29, 37.782435, -122.418388, 'Officia commodo exercitation esse laboris aliquip deserunt anim consequat ad mollit. Fugiat dolore nostrud laboris ad. Labore enim dolor anim elit ut non cillum aliquip consequat anim laborum.', 'https://via.placeholder.com/400/', 'https://via.placeholder.com/100/text=ICON', '2020-06-04 02:56:33'),
(6, 28, 37.782750, -122.439083, 'Dolore ea ea ipsum aute magna ipsum. Eiusmod culpa pariatur excepteur officia deserunt excepteur est. Laborum ullamco veniam consectetur mollit officia.', 'https://via.placeholder.com/400/', 'https://via.placeholder.com/100/text=ICON', '2020-02-03 07:09:40'),
(7, 45, 37.785133, -122.473418, 'Eiusmod non anim magna pariatur quis ullamco sint nulla irure. Aliqua laborum magna proident consequat do aute nostrud in qui aute deserunt qui aute. Irure cupidatat laborum fugiat sit amet pariatur enim.', 'https://via.placeholder.com/400/', 'https://via.placeholder.com/100/text=ICON', '2020-07-20 12:38:38'),
(8, 20, 37.768187, -122.426853, 'Nisi excepteur fugiat esse nostrud aute sint mollit amet culpa tempor. Laborum sint consequat exercitation non non nostrud eiusmod amet mollit consectetur qui elit sit ullamco. Qui occaecat esse dolore enim.', 'https://via.placeholder.com/400/', 'https://via.placeholder.com/100/text=ICON', '2020-09-25 01:19:56'),
(9, 40, 37.778969, -122.465175, 'Est aliquip id ut fugiat adipisicing non nisi duis adipisicing est aliqua. Officia mollit ipsum officia culpa ea irure. Labore proident enim id esse anim nulla sit laborum qui ullamco reprehenderit.', 'https://via.placeholder.com/400/', 'https://via.placeholder.com/100/text=ICON', '2020-09-28 05:45:31'),
(10, 1, 37.775486, -122.475506, 'Nisi duis minim ex quis Lorem enim laboris elit deserunt quis sit commodo laborum sunt. Exercitation sint culpa id mollit sunt id labore id elit proident quis. Laborum sunt laborum irure aute cillum eiusmod aliquip adipisicing velit veniam non duis ex.', 'https://via.placeholder.com/400/', 'https://via.placeholder.com/100/text=ICON', '2020-07-14 10:14:52'),
(11, 21, 37.756913, -122.435990, 'Laborum qui amet aliqua incididunt mollit exercitation anim adipisicing excepteur qui anim cillum laboris. Anim exercitation enim adipisicing irure voluptate mollit. Pariatur et sunt reprehenderit dolor consequat velit sint.', 'https://via.placeholder.com/400/', 'https://via.placeholder.com/100/text=ICON', '2020-09-11 03:12:49'),
(12, 21, 37.773903, -122.426531, 'Et quis sunt anim deserunt eu consectetur officia nisi. Et officia fugiat ipsum id elit id officia dolore dolor non. Esse incididunt excepteur nisi eiusmod excepteur.', 'https://via.placeholder.com/400/', 'https://via.placeholder.com/100/text=ICON', '2020-10-28 08:24:40'),
(13, 38, 37.762040, -122.419494, 'Velit velit magna Lorem deserunt eiusmod nisi exercitation minim esse ullamco sit veniam do officia. Sit ex eu qui nostrud sint veniam quis reprehenderit sit ipsum. Occaecat sit sit excepteur culpa irure minim enim voluptate consequat ex non.', 'https://via.placeholder.com/400/', 'https://via.placeholder.com/100/text=ICON', '2020-03-17 10:03:33'),
(14, 1, 37.773384, -122.415172, 'Consequat tempor magna sit eiusmod commodo reprehenderit excepteur non qui consectetur. Cupidatat consectetur ea magna qui aliquip veniam proident. Irure ad esse nostrud anim ea eu tempor duis.', 'https://via.placeholder.com/400/', 'https://via.placeholder.com/100/text=ICON', '2020-05-21 02:08:21'),
(15, 38, 37.768692, -122.421393, 'Sunt velit amet dolore reprehenderit elit sunt in. Commodo laborum proident non nostrud et ipsum nulla quis sunt elit est consequat cupidatat et. Culpa commodo duis magna ad eu aliqua elit velit pariatur culpa mollit mollit sunt dolore.', 'https://via.placeholder.com/400/', 'https://via.placeholder.com/100/text=ICON', '2020-04-22 12:25:13'),
(16, 10, 37.767436, -122.460674, 'Incididunt non nostrud minim proident esse in ut eiusmod adipisicing eiusmod. Sit commodo veniam sunt laboris excepteur ad officia. Est deserunt fugiat deserunt commodo ad nisi eiusmod ut duis do aliquip exercitation.', 'https://via.placeholder.com/400/', 'https://via.placeholder.com/100/text=ICON', '2020-09-25 04:54:53'),
(17, 33, 37.769699, -122.428504, 'Aute cupidatat irure dolore esse labore cillum ipsum. Labore officia exercitation reprehenderit sint labore ipsum cillum nostrud proident ad et consequat adipisicing eu. Excepteur eiusmod consequat incididunt ullamco mollit.', 'https://via.placeholder.com/400/', 'https://via.placeholder.com/100/text=ICON', '2020-01-26 06:06:24'),
(18, 50, 37.779804, -122.452555, 'Ullamco et irure Lorem eu. Ex aliqua officia ut pariatur elit in culpa sunt quis consequat nostrud culpa eiusmod. Eu magna culpa pariatur aliquip culpa esse Lorem eiusmod in dolor nostrud occaecat ad consequat.', 'https://via.placeholder.com/400/', 'https://via.placeholder.com/100/text=ICON', '2020-05-26 07:11:51'),
(19, 46, 37.778463, -122.484008, 'Cupidatat fugiat occaecat qui velit. Sunt ut et elit id. Fugiat incididunt cillum eiusmod pariatur dolor.', 'https://via.placeholder.com/400/', 'https://via.placeholder.com/100/text=ICON', '2020-03-12 10:02:38'),
(20, 4, 37.781020, -122.420144, 'Et proident reprehenderit sint adipisicing cillum laboris ad dolore culpa id minim eu nulla voluptate. Nulla ullamco consequat incididunt adipisicing. Sunt cillum mollit ut tempor sunt deserunt sint non et cillum irure nostrud magna anim.', 'https://via.placeholder.com/400/', 'https://via.placeholder.com/100/text=ICON', '2020-09-23 02:31:56'),
(21, 48, 37.761142, -122.457833, 'Est aliqua aliquip pariatur aute nulla qui laborum pariatur do. Minim in cillum incididunt ea occaecat amet exercitation laborum elit sint. Enim reprehenderit esse incididunt voluptate aute pariatur ad.', 'https://via.placeholder.com/400/', 'https://via.placeholder.com/100/text=ICON', '2020-03-30 06:18:34'),
(22, 33, 37.778808, -122.437361, 'Nisi elit nulla eu nulla incididunt deserunt anim eiusmod et ut est qui. Amet aliquip ea sint voluptate. Laborum veniam pariatur ad esse do nulla deserunt qui dolore ex.', 'https://via.placeholder.com/400/', 'https://via.placeholder.com/100/text=ICON', '2020-08-30 09:13:09'),
(23, 4, 37.790428, -122.467174, 'Mollit commodo do nostrud est eiusmod enim mollit do dolore culpa dolor amet non sint. Quis cillum mollit id fugiat. Consectetur dolor esse occaecat ut id ullamco ipsum.', 'https://via.placeholder.com/400/', 'https://via.placeholder.com/100/text=ICON', '2020-01-22 10:55:49'),
(24, 26, 37.763680, -122.452010, 'Enim ex aliqua sint incididunt duis ut enim elit reprehenderit qui in ad. Qui reprehenderit duis pariatur proident in ut. Aliqua duis id laboris qui voluptate nisi irure deserunt mollit consequat.', 'https://via.placeholder.com/400/', 'https://via.placeholder.com/100/text=ICON', '2020-01-15 02:02:36'),
(25, 18, 37.776502, -122.479311, 'Eiusmod mollit ullamco laboris ex anim nisi sunt aliquip Lorem consequat minim enim commodo velit. Exercitation amet Lorem ex ut labore amet dolore dolore Lorem ipsum ea aute sit excepteur. Enim cillum occaecat duis aliqua.', 'https://via.placeholder.com/400/', 'https://via.placeholder.com/100/text=ICON', '2020-01-14 04:45:56'),
(26, 17, 37.758398, -122.455780, 'Exercitation reprehenderit ullamco veniam dolore minim non consectetur sint proident cillum. Occaecat velit irure reprehenderit eiusmod fugiat. Eu nostrud occaecat culpa Lorem magna officia proident eiusmod incididunt exercitation consectetur mollit elit.', 'https://via.placeholder.com/400/', 'https://via.placeholder.com/100/text=ICON', '2020-10-02 02:47:23'),
(27, 2, 37.766316, -122.471950, 'Do aliquip reprehenderit est aliquip ea non est. Sit labore ex nisi ea culpa adipisicing sunt fugiat. Nostrud aliqua ipsum officia tempor nostrud reprehenderit eu ut veniam.', 'https://via.placeholder.com/400/', 'https://via.placeholder.com/100/text=ICON', '2020-10-17 09:01:26'),
(28, 40, 37.790225, -122.426829, 'Cupidatat ea id pariatur voluptate minim esse cupidatat ipsum deserunt. Exercitation culpa reprehenderit enim aliquip duis magna proident velit in Lorem adipisicing consectetur do nisi. Mollit non est ipsum reprehenderit et ullamco sint velit do consectetur consectetur excepteur est in.', 'https://via.placeholder.com/400/', 'https://via.placeholder.com/100/text=ICON', '2020-07-09 01:06:13'),
(29, 49, 37.774906, -122.448657, 'Excepteur minim tempor irure aliquip consequat non. Deserunt magna ea ea consequat esse eu ut eiusmod ut laborum laboris magna duis. Veniam ipsum velit deserunt consectetur et nostrud dolore.', 'https://via.placeholder.com/400/', 'https://via.placeholder.com/100/text=ICON', '2020-10-04 03:26:10'),
(30, 48, 37.782740, -122.422278, 'Nulla consectetur commodo reprehenderit consequat laboris dolore voluptate quis. Non adipisicing enim anim deserunt. Incididunt dolore aliquip anim minim anim irure amet quis minim consectetur minim ipsum ut qui.', 'https://via.placeholder.com/400/', 'https://via.placeholder.com/100/text=ICON', '2020-06-30 08:58:43'),
(31, 1, 37.757230, -122.427815, 'Labore ullamco proident irure aliquip deserunt ipsum irure velit amet irure. Officia proident proident consequat non dolore excepteur cillum magna aliqua occaecat magna. Consectetur nostrud in occaecat officia quis anim sint duis non.', 'https://via.placeholder.com/400/', 'https://via.placeholder.com/100/text=ICON', '2020-04-09 12:09:23'),
(32, 50, 37.761083, -122.480654, 'Aute mollit irure commodo nisi reprehenderit culpa labore deserunt Lorem eu ex excepteur laboris aliquip. Esse ea laborum velit incididunt voluptate qui laboris quis. Ut consequat veniam id eu tempor ullamco excepteur cupidatat culpa.', 'https://via.placeholder.com/400/', 'https://via.placeholder.com/100/text=ICON', '2020-03-17 03:54:11'),
(33, 40, 37.769757, -122.420544, 'Eu proident nostrud commodo minim dolore Lorem est incididunt incididunt. Nostrud exercitation mollit sint quis nostrud cillum aliqua commodo officia. Incididunt sunt ullamco ea id irure proident laborum officia.', 'https://via.placeholder.com/400/', 'https://via.placeholder.com/100/text=ICON', '2020-03-10 08:01:43'),
(34, 47, 37.755895, -122.472594, 'Elit elit laborum amet proident cillum quis est occaecat. Amet nisi qui et nulla eu aliqua cupidatat pariatur mollit ullamco aliquip. Non qui sint quis quis pariatur et deserunt amet occaecat do in.', 'https://via.placeholder.com/400/', 'https://via.placeholder.com/100/text=ICON', '2020-02-19 12:43:26'),
(35, 36, 37.767770, -122.461279, 'Sint consequat anim mollit aliqua. Tempor esse adipisicing reprehenderit nostrud do tempor est. Laboris fugiat in cillum do reprehenderit id.', 'https://via.placeholder.com/400/', 'https://via.placeholder.com/100/text=ICON', '2020-10-17 04:34:53'),
(36, 8, 37.759239, -122.481355, 'In in sint excepteur nisi fugiat voluptate. Amet do aliqua culpa non ad nisi aute duis occaecat aliquip eiusmod nulla eu. Reprehenderit voluptate aliqua et culpa ea cillum proident mollit minim adipisicing esse.', 'https://via.placeholder.com/400/', 'https://via.placeholder.com/100/text=ICON', '2020-03-17 02:08:22'),
(37, 33, 37.762397, -122.462591, 'Elit culpa quis incididunt et tempor amet anim ipsum aute proident. Laboris sunt consequat nostrud officia proident excepteur. Nisi veniam tempor laborum officia aliquip culpa non cillum.', 'https://via.placeholder.com/400/', 'https://via.placeholder.com/100/text=ICON', '2020-07-01 04:10:49'),
(38, 16, 37.790941, -122.448255, 'Officia minim officia consequat tempor. Commodo do do sit eu cupidatat proident ad. Et ad ullamco eu elit adipisicing laboris.', 'https://via.placeholder.com/400/', 'https://via.placeholder.com/100/text=ICON', '2020-02-21 06:28:54'),
(39, 43, 37.770282, -122.442142, 'Magna fugiat aute aute cillum tempor consequat est fugiat et eiusmod. In consectetur duis et aute eiusmod deserunt dolore labore. Consectetur et incididunt nostrud deserunt sit adipisicing.', 'https://via.placeholder.com/400/', 'https://via.placeholder.com/100/text=ICON', '2020-06-22 10:00:37'),
(40, 23, 37.777001, -122.480209, 'Aliqua ut cillum enim non sunt ad dolore irure commodo officia aute Lorem. Elit sunt ad enim in cupidatat est officia in est aliquip aute. Magna sunt aliqua consequat Lorem laboris voluptate non aliquip non deserunt et.', 'https://via.placeholder.com/400/', 'https://via.placeholder.com/100/text=ICON', '2020-01-15 04:41:29'),
(41, 11, 37.774643, -122.466789, 'Commodo consequat mollit pariatur nisi commodo dolore in ullamco aliqua velit et esse. Dolor sunt deserunt proident reprehenderit elit excepteur eu. Deserunt ut cillum consectetur consequat fugiat mollit sunt elit adipisicing duis.', 'https://via.placeholder.com/400/', 'https://via.placeholder.com/100/text=ICON', '2020-09-11 01:36:37'),
(42, 16, 37.789535, -122.438876, 'Quis sit Lorem commodo id minim consequat labore veniam ad do. Culpa nisi do qui sint nostrud dolor proident cupidatat nisi eiusmod eu tempor excepteur voluptate. Excepteur officia excepteur nisi officia pariatur enim fugiat labore qui.', 'https://via.placeholder.com/400/', 'https://via.placeholder.com/100/text=ICON', '2020-07-27 05:05:12'),
(43, 48, 37.777338, -122.482221, 'Velit deserunt commodo tempor cillum tempor in non aliqua enim Lorem velit reprehenderit. Dolore quis voluptate aute Lorem ipsum eu aute nulla nulla aliqua. Incididunt irure nisi fugiat exercitation.', 'https://via.placeholder.com/400/', 'https://via.placeholder.com/100/text=ICON', '2020-02-25 10:05:51'),
(44, 3, 37.761484, -122.456305, 'Consequat adipisicing nostrud elit nisi sit occaecat ipsum veniam aliqua non do nisi irure. Proident ea ea ut voluptate. Do adipisicing sunt ullamco nisi mollit dolore culpa.', 'https://via.placeholder.com/400/', 'https://via.placeholder.com/100/text=ICON', '2020-10-30 04:01:15'),
(45, 33, 37.759844, -122.423486, 'Consectetur ipsum veniam duis et consequat adipisicing nostrud. Reprehenderit eu consequat id pariatur consectetur eiusmod irure esse consequat proident commodo. Aute ex nulla deserunt velit id commodo nulla non.', 'https://via.placeholder.com/400/', 'https://via.placeholder.com/100/text=ICON', '2020-09-19 07:07:38'),
(46, 33, 37.757042, -122.419501, 'Quis est anim est irure laboris ex consectetur pariatur ad tempor. Culpa fugiat fugiat eu qui nulla nostrud amet aliqua officia reprehenderit incididunt ipsum. In in ut proident esse ad anim ut nostrud exercitation tempor sint ex.', 'https://via.placeholder.com/400/', 'https://via.placeholder.com/100/text=ICON', '2020-03-29 03:25:45'),
(47, 20, 37.777925, -122.480821, 'In commodo exercitation pariatur proident velit pariatur. Nulla incididunt nisi enim est laboris irure aute eiusmod. Aliqua amet velit eu quis sit anim minim.', 'https://via.placeholder.com/400/', 'https://via.placeholder.com/100/text=ICON', '2020-04-27 01:46:41'),
(48, 37, 37.765311, -122.460686, 'Pariatur aliqua cillum est dolore cupidatat duis nostrud. Et sint irure ex magna. Duis fugiat cupidatat aute minim tempor non aliqua sint fugiat Lorem do ea consectetur ipsum.', 'https://via.placeholder.com/400/', 'https://via.placeholder.com/100/text=ICON', '2020-04-01 06:38:52'),
(49, 26, 37.778801, -122.439988, 'Excepteur dolore occaecat voluptate mollit esse ut aliquip sit mollit anim laboris. Aliqua qui pariatur ullamco ut id ad in deserunt exercitation quis aute nisi aliqua incididunt. Velit ex commodo exercitation ad veniam irure.', 'https://via.placeholder.com/400/', 'https://via.placeholder.com/100/text=ICON', '2020-08-22 03:52:06'),
(50, 28, 37.779492, -122.431535, 'Pariatur sint consequat proident culpa nostrud cupidatat. Nulla fugiat sint culpa aliqua officia sint. Cillum nostrud aute officia consectetur.', 'https://via.placeholder.com/400/', 'https://via.placeholder.com/100/text=ICON', '2020-08-07 02:30:35'),
(51, 49, 37.778248, -122.465965, 'Elit Lorem duis aliquip excepteur ipsum eiusmod. Ad nisi eu ex deserunt eiusmod incididunt ad. Tempor ipsum ex consectetur aliquip voluptate amet duis sit laboris officia est.', 'https://via.placeholder.com/400/', 'https://via.placeholder.com/100/text=ICON', '2020-06-20 08:23:29'),
(52, 20, 37.769178, -122.423873, 'Nulla non sunt cillum qui aliqua esse ipsum eiusmod. Laboris ullamco culpa aliqua consequat ea enim proident occaecat magna cillum excepteur consectetur et velit. Fugiat ea nulla cillum culpa adipisicing fugiat veniam qui dolore qui.', 'https://via.placeholder.com/400/', 'https://via.placeholder.com/100/text=ICON', '2020-02-23 09:54:57'),
(53, 11, 37.771717, -122.432217, 'Occaecat irure sit nostrud ad reprehenderit eiusmod elit sunt aliqua laboris cillum exercitation est tempor. Ut ullamco deserunt quis sint elit sunt Lorem consectetur sit ea. Fugiat ullamco incididunt consequat cupidatat laborum nostrud.', 'https://via.placeholder.com/400/', 'https://via.placeholder.com/100/text=ICON', '2020-02-16 03:34:33'),
(54, 38, 37.789377, -122.447964, 'Ullamco laborum qui commodo elit exercitation fugiat commodo esse anim sint aliquip reprehenderit fugiat. Elit aliqua labore sunt magna culpa ex labore proident non sint id nisi. Et laboris veniam qui non pariatur sint duis pariatur nisi sunt cupidatat amet.', 'https://via.placeholder.com/400/', 'https://via.placeholder.com/100/text=ICON', '2020-10-20 02:33:40'),
(55, 15, 37.778998, -122.479513, 'Consequat aliquip excepteur est minim eu sint dolore reprehenderit magna in quis eiusmod voluptate et. Laboris mollit tempor enim velit non aute sunt tempor amet id exercitation est. Sit nulla officia velit nisi fugiat cupidatat sit.', 'https://via.placeholder.com/400/', 'https://via.placeholder.com/100/text=ICON', '2020-09-05 11:28:48'),
(56, 45, 37.763290, -122.429594, 'Quis deserunt eiusmod incididunt irure laborum deserunt. Nostrud duis occaecat do proident ipsum laboris eu. Consectetur laborum laboris reprehenderit excepteur nostrud velit.', 'https://via.placeholder.com/400/', 'https://via.placeholder.com/100/text=ICON', '2020-09-22 05:20:59'),
(57, 15, 37.778420, -122.475431, 'Mollit minim pariatur ea pariatur amet sint aliquip occaecat aute sunt Lorem. Adipisicing laboris cupidatat eiusmod irure magna Lorem ipsum velit commodo commodo elit aliquip officia. Voluptate dolore fugiat irure id mollit.', 'https://via.placeholder.com/400/', 'https://via.placeholder.com/100/text=ICON', '2020-06-09 05:10:20'),
(58, 50, 37.765822, -122.469045, 'Irure esse pariatur consequat ad. Labore elit eiusmod voluptate aliquip ea in sit exercitation voluptate. Et duis irure elit velit deserunt est nostrud non adipisicing reprehenderit sit.', 'https://via.placeholder.com/400/', 'https://via.placeholder.com/100/text=ICON', '2020-09-03 10:16:56'),
(59, 10, 37.778285, -122.472397, 'Commodo esse voluptate nulla veniam amet mollit ut laboris fugiat minim. Labore enim cillum irure ullamco officia anim cupidatat fugiat veniam et elit. Deserunt ut deserunt excepteur esse proident.', 'https://via.placeholder.com/400/', 'https://via.placeholder.com/100/text=ICON', '2020-04-30 11:15:41'),
(60, 2, 37.763865, -122.418020, 'Ea aliquip duis culpa ipsum quis ad aute sint adipisicing esse laborum do. Deserunt eiusmod ut aliqua commodo laboris velit eu anim velit. Cillum sit incididunt enim laborum laborum laboris ea.', 'https://via.placeholder.com/400/', 'https://via.placeholder.com/100/text=ICON', '2020-03-29 08:52:30'),
(61, 29, 37.782975, -122.436550, 'Voluptate pariatur nostrud ipsum quis occaecat aliquip ipsum esse qui mollit laboris sint consequat adipisicing. Officia aliquip do id reprehenderit commodo id nisi exercitation aliqua consequat id magna. Officia minim occaecat duis anim dolor.', 'https://via.placeholder.com/400/', 'https://via.placeholder.com/100/text=ICON', '2020-07-17 05:52:44'),
(62, 42, 37.777697, -122.475821, 'Ut cillum dolor occaecat magna irure et voluptate cupidatat sit esse officia nostrud. Laborum exercitation aliqua id amet Lorem non mollit adipisicing proident duis commodo id ex. Excepteur laboris ullamco mollit consectetur id.', 'https://via.placeholder.com/400/', 'https://via.placeholder.com/100/text=ICON', '2020-05-14 06:41:35'),
(63, 11, 37.759014, -122.424643, 'Irure veniam labore amet incididunt reprehenderit irure amet esse. Ea officia ullamco officia incididunt fugiat nulla enim enim commodo voluptate pariatur laboris occaecat pariatur. Ad minim incididunt fugiat veniam reprehenderit excepteur non aliqua mollit velit pariatur.', 'https://via.placeholder.com/400/', 'https://via.placeholder.com/100/text=ICON', '2020-08-18 02:30:39'),
(64, 20, 37.781633, -122.466000, 'Sint occaecat aliquip Lorem dolore. Anim occaecat ut esse reprehenderit anim proident laboris sint. Amet cupidatat ex non non eiusmod Lorem qui.', 'https://via.placeholder.com/400/', 'https://via.placeholder.com/100/text=ICON', '2020-10-04 04:07:51'),
(65, 13, 37.791655, -122.430985, 'Reprehenderit nostrud nulla do do laborum officia magna deserunt tempor incididunt exercitation veniam. Pariatur reprehenderit amet pariatur nostrud excepteur eu excepteur aliqua non minim non consectetur consequat quis. Nisi cupidatat sit consequat voluptate.', 'https://via.placeholder.com/400/', 'https://via.placeholder.com/100/text=ICON', '2020-01-20 12:31:21'),
(66, 47, 37.791168, -122.449410, 'Ex nostrud irure excepteur ex amet. Velit tempor consectetur velit deserunt pariatur laborum excepteur dolore sint. Laborum amet nulla magna ea nisi fugiat labore commodo in.', 'https://via.placeholder.com/400/', 'https://via.placeholder.com/100/text=ICON', '2020-10-16 11:36:18'),
(67, 32, 37.766778, -122.463146, 'Ex irure Lorem anim ipsum dolore anim eiusmod ex ad dolor amet commodo laboris. Cillum duis ad officia fugiat voluptate mollit. Reprehenderit voluptate id velit excepteur duis commodo Lorem deserunt dolor anim.', 'https://via.placeholder.com/400/', 'https://via.placeholder.com/100/text=ICON', '2020-02-29 04:46:55'),
(68, 9, 37.773575, -122.445383, 'Minim labore sit tempor Lorem enim anim in Lorem eiusmod. Ipsum reprehenderit eiusmod anim elit et. Sint aliquip proident cillum nulla reprehenderit ea nostrud ipsum magna adipisicing fugiat aliquip elit.', 'https://via.placeholder.com/400/', 'https://via.placeholder.com/100/text=ICON', '2020-07-30 02:34:12'),
(69, 50, 37.757062, -122.418351, 'Tempor et magna qui laboris culpa id irure irure aute ad amet sint aute Lorem. Amet ut aliqua anim pariatur irure tempor et consequat nisi pariatur laboris est ipsum. Ut mollit ut nostrud dolore laboris anim esse qui eiusmod sint laboris anim nisi est.', 'https://via.placeholder.com/400/', 'https://via.placeholder.com/100/text=ICON', '2020-06-01 01:14:37'),
(70, 35, 37.773937, -122.436456, 'Incididunt proident ullamco labore nostrud ea. Esse dolore cupidatat anim reprehenderit voluptate esse ad et ipsum irure duis. Ipsum laborum excepteur cillum nulla fugiat proident.', 'https://via.placeholder.com/400/', 'https://via.placeholder.com/100/text=ICON', '2020-03-13 10:28:53'),
(71, 12, 37.761622, -122.468798, 'Incididunt id do pariatur id in sunt eu in. Laboris cillum qui cupidatat sit adipisicing duis. Ea labore et minim sunt veniam id minim consequat minim.', 'https://via.placeholder.com/400/', 'https://via.placeholder.com/100/text=ICON', '2020-09-17 07:33:51'),
(72, 49, 37.765917, -122.443604, 'Sunt deserunt adipisicing minim aliqua ullamco officia in esse voluptate. Ullamco veniam labore dolore laboris anim reprehenderit ea laboris mollit sit dolor ut dolore. Lorem nulla adipisicing labore ullamco tempor eiusmod adipisicing fugiat ut sunt in labore.', 'https://via.placeholder.com/400/', 'https://via.placeholder.com/100/text=ICON', '2020-06-26 02:43:31'),
(73, 29, 37.785077, -122.466755, 'Tempor culpa et exercitation tempor laborum duis. Culpa laboris sint proident pariatur labore commodo ad minim aliquip. Deserunt deserunt id laboris veniam ex sunt culpa culpa deserunt dolor nisi.', 'https://via.placeholder.com/400/', 'https://via.placeholder.com/100/text=ICON', '2020-01-12 11:59:49'),
(74, 37, 37.780651, -122.451080, 'Irure fugiat anim sint cillum excepteur exercitation ea. Cupidatat adipisicing ad eu cillum. Cillum minim non pariatur sunt consequat.', 'https://via.placeholder.com/400/', 'https://via.placeholder.com/100/text=ICON', '2020-10-09 05:05:32'),
(75, 27, 37.781366, -122.444298, 'Commodo consequat mollit aute fugiat amet irure in ex sunt tempor ullamco ea esse dolor. Pariatur in labore occaecat et ipsum laborum ut esse do magna nostrud. Ipsum nulla elit commodo veniam officia laboris officia culpa veniam et nostrud ex.', 'https://via.placeholder.com/400/', 'https://via.placeholder.com/100/text=ICON', '2020-08-14 08:51:57'),
(76, 2, 37.784703, -122.456277, 'Qui ut voluptate in non labore pariatur ullamco. Incididunt ullamco nostrud ea eiusmod. Do elit sunt voluptate ipsum aliqua consequat est commodo nostrud eu non sunt est.', 'https://via.placeholder.com/400/', 'https://via.placeholder.com/100/text=ICON', '2020-10-23 07:08:12'),
(77, 25, 37.774112, -122.459700, 'Eu ut do fugiat irure ullamco consectetur. Enim ex pariatur cupidatat proident tempor velit laboris ad deserunt ex commodo anim ut. Culpa incididunt proident ullamco laborum sunt veniam laboris.', 'https://via.placeholder.com/400/', 'https://via.placeholder.com/100/text=ICON', '2020-02-06 09:28:57'),
(78, 23, 37.774689, -122.428630, 'Do adipisicing est elit do quis adipisicing nulla veniam esse. Labore mollit ullamco ex irure nulla laboris ad. Anim pariatur fugiat pariatur consequat reprehenderit incididunt et.', 'https://via.placeholder.com/400/', 'https://via.placeholder.com/100/text=ICON', '2020-06-19 01:10:46'),
(79, 29, 37.783697, -122.475971, 'Nisi aliqua esse nisi sunt. Nulla ut adipisicing laborum eu reprehenderit labore nulla. Laboris incididunt fugiat aliqua veniam aliquip.', 'https://via.placeholder.com/400/', 'https://via.placeholder.com/100/text=ICON', '2020-07-21 04:14:58'),
(80, 11, 37.771585, -122.476882, 'Ad nulla nulla laborum quis. Excepteur et culpa consequat nisi excepteur pariatur anim amet veniam adipisicing esse. Excepteur irure ipsum eu id aliquip proident qui incididunt est reprehenderit incididunt occaecat labore.', 'https://via.placeholder.com/400/', 'https://via.placeholder.com/100/text=ICON', '2020-09-13 06:04:57'),
(81, 43, 37.763781, -122.466970, 'Non et magna irure irure dolore labore exercitation veniam cillum excepteur sint est. Tempor ad sit quis consequat cillum aliquip. Lorem nisi sunt ad sint veniam mollit nisi.', 'https://via.placeholder.com/400/', 'https://via.placeholder.com/100/text=ICON', '2020-02-17 07:41:57'),
(82, 14, 37.756951, -122.426176, 'Anim cupidatat occaecat voluptate occaecat irure ut cupidatat pariatur. Adipisicing qui et culpa ex officia velit mollit tempor sit proident Lorem elit consequat. Velit occaecat esse duis commodo do.', 'https://via.placeholder.com/400/', 'https://via.placeholder.com/100/text=ICON', '2020-03-14 04:04:16'),
(83, 7, 37.788275, -122.483133, 'Lorem proident aliquip ut in adipisicing est. Sunt sit ea in nisi aliqua officia voluptate do ex. Esse esse mollit sit duis do eiusmod duis ut ut elit dolore.', 'https://via.placeholder.com/400/', 'https://via.placeholder.com/100/text=ICON', '2020-09-29 11:14:53'),
(84, 39, 37.769321, -122.483091, 'Eu consequat reprehenderit voluptate tempor labore nulla. Pariatur aliquip adipisicing ea sit aute eu ullamco velit et ex non. Occaecat fugiat esse eu adipisicing aliquip eiusmod incididunt.', 'https://via.placeholder.com/400/', 'https://via.placeholder.com/100/text=ICON', '2020-01-16 03:23:30'),
(85, 45, 37.779323, -122.482854, 'Cupidatat et adipisicing enim mollit. Irure ad reprehenderit ullamco dolore aliquip deserunt. Ipsum duis eiusmod excepteur eu.', 'https://via.placeholder.com/400/', 'https://via.placeholder.com/100/text=ICON', '2020-10-31 12:48:32'),
(86, 29, 37.783925, -122.424167, 'Eu laborum eiusmod elit enim in consequat et culpa in irure qui. Reprehenderit do ipsum elit irure eu amet incididunt duis in veniam est commodo. Velit et ipsum magna eu.', 'https://via.placeholder.com/400/', 'https://via.placeholder.com/100/text=ICON', '2020-04-17 10:50:32'),
(87, 2, 37.783208, -122.463343, 'Mollit enim tempor consectetur ex amet eu fugiat reprehenderit consequat dolor eu eu non. Dolor in reprehenderit sint ipsum ipsum aute sint. Eiusmod quis Lorem amet eu dolore cillum velit velit elit Lorem sit ea excepteur dolore.', 'https://via.placeholder.com/400/', 'https://via.placeholder.com/100/text=ICON', '2020-02-20 02:15:53'),
(88, 5, 37.761201, -122.461343, 'Velit deserunt amet excepteur deserunt minim duis qui eiusmod dolore eu non eu. Velit sint quis est incididunt reprehenderit ut nisi mollit ut adipisicing duis ad pariatur esse. Commodo consectetur aliqua anim minim ut veniam cillum.', 'https://via.placeholder.com/400/', 'https://via.placeholder.com/100/text=ICON', '2020-03-12 12:38:51'),
(89, 16, 37.790214, -122.415614, 'Magna deserunt nulla excepteur irure irure nulla deserunt ex cupidatat eiusmod. Reprehenderit quis consequat ut ipsum ipsum est ullamco anim velit sint est magna pariatur. Velit exercitation et enim proident sint proident.', 'https://via.placeholder.com/400/', 'https://via.placeholder.com/100/text=ICON', '2020-05-10 11:06:01'),
(90, 16, 37.763504, -122.464142, 'Commodo ad ullamco eiusmod sunt commodo exercitation laborum duis esse. Laboris culpa cillum cupidatat minim enim magna adipisicing fugiat cupidatat. Officia aliqua ipsum veniam tempor duis aliqua voluptate.', 'https://via.placeholder.com/400/', 'https://via.placeholder.com/100/text=ICON', '2020-02-06 10:27:17'),
(91, 1, 37.774140, -122.467167, 'Sunt labore cillum ea exercitation veniam non ad eu id dolore. Duis exercitation ut ad ullamco sit. Tempor minim nostrud voluptate labore velit commodo.', 'https://via.placeholder.com/400/', 'https://via.placeholder.com/100/text=ICON', '2020-03-04 01:25:42'),
(92, 26, 37.765869, -122.442809, 'Irure enim reprehenderit do ad sunt commodo velit dolore id veniam eu. Veniam commodo aliqua sunt do voluptate nisi tempor quis laborum ad sit dolor elit labore. Excepteur proident in dolor excepteur.', 'https://via.placeholder.com/400/', 'https://via.placeholder.com/100/text=ICON', '2020-07-01 04:26:32'),
(93, 47, 37.790278, -122.443411, 'Exercitation labore pariatur amet incididunt eiusmod fugiat dolore incididunt velit quis dolore pariatur magna id. Adipisicing do magna eiusmod ullamco ex est quis anim. Dolore sunt anim qui aliqua cillum eu occaecat deserunt.', 'https://via.placeholder.com/400/', 'https://via.placeholder.com/100/text=ICON', '2020-10-25 11:44:32'),
(94, 24, 37.767085, -122.431941, 'Amet laboris occaecat labore excepteur minim quis occaecat velit est deserunt. Dolor veniam excepteur cillum aliquip do Lorem mollit culpa aliquip. Mollit reprehenderit dolor nostrud sit consequat elit aliqua ex.', 'https://via.placeholder.com/400/', 'https://via.placeholder.com/100/text=ICON', '2020-09-26 06:56:15'),
(95, 43, 37.787182, -122.467927, 'Lorem ullamco incididunt occaecat ea mollit adipisicing consequat exercitation Lorem. Minim anim irure officia sit. Qui ea id deserunt aliqua duis dolore officia magna cillum aute ea ad est.', 'https://via.placeholder.com/400/', 'https://via.placeholder.com/100/text=ICON', '2020-09-15 06:09:22'),
(96, 23, 37.782905, -122.465098, 'Commodo veniam ut est sint qui exercitation ipsum irure irure laboris exercitation. Eu et cupidatat minim enim incididunt dolor Lorem duis cupidatat velit. Et laboris nulla sit ipsum commodo qui tempor sunt et tempor.', 'https://via.placeholder.com/400/', 'https://via.placeholder.com/100/text=ICON', '2020-01-14 07:24:04'),
(97, 6, 37.780305, -122.442390, 'Non irure do consequat est ex aliqua nisi. Tempor pariatur aliqua reprehenderit aute nostrud est sint qui ipsum. Cupidatat incididunt qui ipsum reprehenderit exercitation mollit non ad enim duis.', 'https://via.placeholder.com/400/', 'https://via.placeholder.com/100/text=ICON', '2020-02-20 03:48:12'),
(98, 9, 37.775565, -122.454990, 'Dolor mollit qui anim ipsum ipsum nostrud eu culpa aliqua irure. Quis veniam adipisicing duis incididunt id officia anim id sint fugiat Lorem sunt. Fugiat deserunt qui aliquip velit et dolore officia incididunt qui.', 'https://via.placeholder.com/400/', 'https://via.placeholder.com/100/text=ICON', '2020-02-26 04:31:22'),
(99, 11, 37.779451, -122.434665, 'Exercitation enim adipisicing esse cupidatat aliqua nulla aliqua Lorem. Fugiat amet cillum enim culpa. Consequat aute nisi incididunt ipsum cillum sint excepteur.', 'https://via.placeholder.com/400/', 'https://via.placeholder.com/100/text=ICON', '2020-10-09 01:27:27'),
(100, 33, 37.790822, -122.463139, 'Ipsum in ut qui enim cillum exercitation occaecat eu. Pariatur deserunt eiusmod id laborum ut ut adipisicing ullamco ea laboris amet esse dolore. Anim velit do occaecat labore nisi commodo officia non.', 'https://via.placeholder.com/400/', 'https://via.placeholder.com/100/text=ICON', '2020-08-02 04:42:46'),
(101, 23, 37.759550, -122.430752, 'Non duis enim duis nostrud eiusmod. Aliquip Lorem velit ex ea aliquip duis anim cillum amet reprehenderit. Commodo adipisicing sunt nulla minim deserunt excepteur.', 'https://via.placeholder.com/400/', 'https://via.placeholder.com/100/text=ICON', '2020-10-23 04:26:22'),
(102, 14, 37.787930, -122.423272, 'Laborum quis ea irure do. Labore id commodo officia quis. Cillum adipisicing labore consectetur irure deserunt esse ipsum.', 'https://via.placeholder.com/400/', 'https://via.placeholder.com/100/text=ICON', '2020-09-07 07:11:29'),
(103, 26, 37.781879, -122.440785, 'Veniam cillum tempor in velit id elit voluptate nisi consequat magna sint labore nisi. Voluptate ut sunt ex pariatur fugiat duis. Officia culpa aliqua labore enim laborum id minim dolor ad ipsum elit pariatur.', 'https://via.placeholder.com/400/', 'https://via.placeholder.com/100/text=ICON', '2020-06-21 05:20:05'),
(104, 39, 37.776497, -122.464943, 'Officia commodo ullamco qui pariatur irure ad duis sint eu Lorem. Ex Lorem voluptate Lorem id. Culpa adipisicing culpa ad eiusmod anim nisi incididunt.', 'https://via.placeholder.com/400/', 'https://via.placeholder.com/100/text=ICON', '2020-04-11 12:25:53'),
(105, 26, 37.786972, -122.427448, 'Et culpa commodo pariatur eu fugiat et nulla sit aliqua ex quis nostrud. Labore qui culpa est labore eiusmod. Dolor adipisicing tempor reprehenderit incididunt ullamco ad proident do minim.', 'https://via.placeholder.com/400/', 'https://via.placeholder.com/100/text=ICON', '2020-06-10 12:55:30'),
(106, 42, 37.790639, -122.442429, 'Id sint ut aliqua incididunt reprehenderit aliqua reprehenderit deserunt officia pariatur et officia ea. Est laborum incididunt dolor aliqua in tempor sunt velit voluptate in. Ullamco officia deserunt non voluptate sunt sit deserunt exercitation aliquip non quis.', 'https://via.placeholder.com/400/', 'https://via.placeholder.com/100/text=ICON', '2020-10-18 08:42:47'),
(107, 13, 37.767300, -122.430448, 'Do fugiat sunt sunt anim consectetur mollit laboris id excepteur anim esse laboris do. Aute anim et fugiat ex nisi adipisicing voluptate ipsum laboris Lorem esse dolor in aliqua. Incididunt sunt laborum sit labore do proident id irure irure laboris nisi.', 'https://via.placeholder.com/400/', 'https://via.placeholder.com/100/text=ICON', '2020-06-19 11:37:21'),
(108, 34, 37.777040, -122.424353, 'Amet ex et duis nostrud cupidatat dolore nulla deserunt cupidatat qui culpa aute incididunt. Consequat labore minim commodo incididunt eiusmod ullamco nostrud voluptate occaecat ex in consectetur. Duis pariatur ipsum commodo exercitation fugiat deserunt.', 'https://via.placeholder.com/400/', 'https://via.placeholder.com/100/text=ICON', '2020-06-08 10:43:46'),
(109, 15, 37.773783, -122.463041, 'Aliquip commodo sit excepteur eu cupidatat quis minim enim laborum do quis. Pariatur aute ullamco officia nostrud cillum mollit ut excepteur ea amet incididunt nostrud eiusmod fugiat. Sint irure magna nisi veniam exercitation duis ullamco pariatur sit ad velit velit est.', 'https://via.placeholder.com/400/', 'https://via.placeholder.com/100/text=ICON', '2020-05-29 04:13:51'),
(110, 42, 37.758779, -122.469951, 'Non cupidatat anim eu duis incididunt. Nulla irure mollit consectetur est Lorem. Sunt ipsum est amet veniam.', 'https://via.placeholder.com/400/', 'https://via.placeholder.com/100/text=ICON', '2020-01-13 08:21:54'),
(111, 32, 37.780446, -122.474426, 'Consectetur consectetur et enim nisi incididunt sit nisi dolor officia magna voluptate exercitation elit tempor. Est est incididunt proident ipsum velit quis duis sint. Ad qui et id amet nostrud incididunt et consequat voluptate esse fugiat.', 'https://via.placeholder.com/400/', 'https://via.placeholder.com/100/text=ICON', '2020-08-06 09:07:20'),
(112, 24, 37.758973, -122.476754, 'Anim dolore ullamco anim eu. Lorem excepteur proident adipisicing voluptate Lorem cupidatat cillum in aliquip. Ullamco aliqua consequat commodo id nulla.', 'https://via.placeholder.com/400/', 'https://via.placeholder.com/100/text=ICON', '2020-05-09 06:56:17'),
(113, 33, 37.758921, -122.473093, 'Incididunt excepteur laborum eu est esse id ullamco quis cupidatat amet. Sint consequat in ut elit veniam occaecat eu eiusmod ad ad. In tempor culpa amet nisi amet officia.', 'https://via.placeholder.com/400/', 'https://via.placeholder.com/100/text=ICON', '2020-03-01 11:51:55'),
(114, 24, 37.787501, -122.415493, 'Deserunt laboris ea enim tempor. Incididunt mollit quis reprehenderit do sunt culpa laboris nulla veniam Lorem non. Aliqua enim esse tempor officia excepteur pariatur minim incididunt laboris fugiat dolore consequat.', 'https://via.placeholder.com/400/', 'https://via.placeholder.com/100/text=ICON', '2020-10-22 07:59:45'),
(115, 9, 37.788287, -122.474455, 'Incididunt incididunt aute ut aliqua cupidatat proident ullamco duis nisi ipsum ex veniam reprehenderit. Excepteur incididunt quis amet culpa irure minim officia occaecat eu consequat laborum amet exercitation velit. Lorem aute velit do fugiat non ex Lorem amet mollit sint voluptate ea.', 'https://via.placeholder.com/400/', 'https://via.placeholder.com/100/text=ICON', '2020-05-15 07:46:52'),
(116, 35, 37.755571, -122.476071, 'Velit veniam tempor elit ex ea adipisicing id ad id excepteur adipisicing commodo voluptate. Amet laborum sint labore dolor ut veniam aute fugiat. Consequat aliqua cillum aliquip ipsum veniam Lorem sunt.', 'https://via.placeholder.com/400/', 'https://via.placeholder.com/100/text=ICON', '2020-09-16 05:53:05'),
(117, 6, 37.780469, -122.427569, 'Et non ullamco tempor occaecat qui veniam aliquip culpa commodo mollit culpa officia do ipsum. Non sit esse deserunt velit dolore cillum exercitation in eu elit velit ipsum tempor. Eu non eiusmod nisi voluptate ad cupidatat duis.', 'https://via.placeholder.com/400/', 'https://via.placeholder.com/100/text=ICON', '2020-05-09 09:12:15'),
(118, 38, 37.765964, -122.432522, 'Laboris dolore reprehenderit consectetur magna veniam esse occaecat esse sunt cupidatat eiusmod non eiusmod. Dolor magna aute aliqua adipisicing veniam officia sit culpa non officia. Pariatur ut incididunt cillum qui ullamco.', 'https://via.placeholder.com/400/', 'https://via.placeholder.com/100/text=ICON', '2020-10-26 12:40:27'),
(119, 10, 37.764478, -122.421152, 'Consectetur elit cupidatat est ex dolore. Dolore ex consequat incididunt esse reprehenderit fugiat ex Lorem ut irure amet aute aute esse. Quis ea mollit id occaecat eu labore in nisi minim.', 'https://via.placeholder.com/400/', 'https://via.placeholder.com/100/text=ICON', '2020-02-10 03:38:28'),
(120, 34, 37.790327, -122.445325, 'Eiusmod minim do laboris incididunt dolor aliquip ullamco ad aute exercitation. Incididunt consectetur adipisicing ullamco id qui elit id. Magna nulla tempor dolore do esse amet anim culpa consequat labore reprehenderit aute laboris.', 'https://via.placeholder.com/400/', 'https://via.placeholder.com/100/text=ICON', '2020-01-22 08:06:02'),
(121, 3, 37.782064, -122.469674, 'Aliquip aute ipsum pariatur culpa non non. Adipisicing cillum sunt nulla do qui ut ipsum laborum laboris. Aliquip cupidatat eu amet sunt veniam ipsum voluptate sint.', 'https://via.placeholder.com/400/', 'https://via.placeholder.com/100/text=ICON', '2020-04-16 06:36:37'),
(122, 31, 37.755913, -122.443122, 'Proident do magna id nisi cillum nulla consectetur amet incididunt in ullamco. Enim deserunt voluptate minim veniam ipsum dolor aute nostrud culpa eu voluptate irure. Laboris ullamco non incididunt ea ut aliquip excepteur elit.', 'https://via.placeholder.com/400/', 'https://via.placeholder.com/100/text=ICON', '2020-09-03 12:20:01'),
(123, 25, 37.780484, -122.423263, 'Mollit veniam Lorem tempor minim esse est non ea adipisicing quis. Dolore consectetur velit ipsum velit proident. Consectetur enim officia quis est enim in laboris minim nulla.', 'https://via.placeholder.com/400/', 'https://via.placeholder.com/100/text=ICON', '2020-09-22 03:01:12'),
(124, 45, 37.760203, -122.479808, 'Velit id irure in in Lorem reprehenderit culpa. Cupidatat est aute sunt aliqua. Irure dolor sit tempor amet minim.', 'https://via.placeholder.com/400/', 'https://via.placeholder.com/100/text=ICON', '2020-05-27 06:51:53'),
(125, 46, 37.761972, -122.463524, 'Laborum laborum velit consequat exercitation quis in ut exercitation est mollit cupidatat dolore reprehenderit minim. Sit est dolor consectetur pariatur magna occaecat esse esse nostrud sint cillum deserunt. Laborum deserunt velit occaecat ipsum fugiat anim duis velit.', 'https://via.placeholder.com/400/', 'https://via.placeholder.com/100/text=ICON', '2020-10-11 12:33:09'),
(126, 16, 37.758280, -122.461264, 'Ullamco mollit tempor ea ea in proident excepteur sit reprehenderit. Nulla aliqua tempor enim velit ipsum tempor. Nisi ad sunt proident sunt tempor deserunt quis consequat elit amet nostrud.', 'https://via.placeholder.com/400/', 'https://via.placeholder.com/100/text=ICON', '2020-06-26 09:58:45'),
(127, 13, 37.757536, -122.450309, 'Laboris irure commodo exercitation deserunt commodo proident sunt. Nulla reprehenderit pariatur eu voluptate magna minim cupidatat ex cillum labore quis velit. Pariatur incididunt id amet dolor anim duis ullamco aute.', 'https://via.placeholder.com/400/', 'https://via.placeholder.com/100/text=ICON', '2020-05-07 10:44:36'),
(128, 1, 37.766254, -122.442844, 'Anim eu cillum exercitation magna laborum elit duis. Est cupidatat pariatur sint consectetur est ea. Nostrud consectetur magna sit elit labore commodo proident culpa mollit.', 'https://via.placeholder.com/400/', 'https://via.placeholder.com/100/text=ICON', '2020-03-20 07:35:08'),
(129, 6, 37.786028, -122.430799, 'Est est aliquip enim et. Lorem excepteur ipsum consectetur amet labore ex do incididunt id proident labore ad est dolore. Non fugiat cillum occaecat nostrud aliquip est ullamco consequat labore laboris.', 'https://via.placeholder.com/400/', 'https://via.placeholder.com/100/text=ICON', '2020-04-15 11:36:48'),
(130, 7, 37.784511, -122.454356, 'Non ad eu dolor voluptate velit. Id non id occaecat officia. Ea cillum cillum adipisicing duis veniam mollit officia.', 'https://via.placeholder.com/400/', 'https://via.placeholder.com/100/text=ICON', '2020-02-16 09:55:54'),
(131, 39, 37.765067, -122.475994, 'Laborum eu nostrud nulla reprehenderit est labore dolore commodo enim mollit ipsum et incididunt et. Elit excepteur culpa laboris adipisicing Lorem commodo aliqua magna ipsum sint excepteur laborum. Labore consectetur nostrud minim aliquip duis elit ad consequat anim laboris mollit cillum proident ut.', 'https://via.placeholder.com/400/', 'https://via.placeholder.com/100/text=ICON', '2020-07-01 12:08:53'),
(132, 11, 37.770791, -122.416234, 'Eiusmod culpa in ad ea mollit anim ullamco officia quis proident consectetur dolore in. Eiusmod proident sint minim aliqua ea cupidatat laborum ea pariatur. Veniam consectetur deserunt et deserunt consequat nulla velit id.', 'https://via.placeholder.com/400/', 'https://via.placeholder.com/100/text=ICON', '2020-10-13 11:19:49'),
(133, 35, 37.777779, -122.453885, 'Pariatur laboris sint sint do duis. Culpa id Lorem cillum mollit laborum aliquip amet. Excepteur proident irure do incididunt.', 'https://via.placeholder.com/400/', 'https://via.placeholder.com/100/text=ICON', '2020-02-09 03:35:53'),
(134, 21, 37.774686, -122.422561, 'Aliquip pariatur ut amet fugiat consectetur nisi eiusmod ad nulla officia non. Nisi culpa irure incididunt anim anim fugiat eiusmod consequat reprehenderit consequat do laborum ut. Pariatur adipisicing officia minim labore quis veniam esse enim.', 'https://via.placeholder.com/400/', 'https://via.placeholder.com/100/text=ICON', '2020-02-05 05:25:07'),
(135, 48, 37.783514, -122.471008, 'Officia sint Lorem minim officia ut id tempor labore. Aute velit minim est aute sint. Exercitation dolore nostrud ipsum nulla ea veniam amet ex duis minim.', 'https://via.placeholder.com/400/', 'https://via.placeholder.com/100/text=ICON', '2020-09-25 01:42:02'),
(136, 13, 37.761932, -122.456990, 'Consectetur aliqua elit veniam ipsum qui. Cupidatat nulla id adipisicing deserunt eiusmod occaecat officia. Officia laboris quis velit veniam cupidatat anim mollit esse duis non.', 'https://via.placeholder.com/400/', 'https://via.placeholder.com/100/text=ICON', '2020-04-07 10:31:37'),
(137, 18, 37.770517, -122.415150, 'Eiusmod dolore occaecat enim occaecat et do cupidatat amet elit sunt ex incididunt. Do consectetur ex do excepteur duis aliquip dolor. Ea cillum sit elit ea nulla.', 'https://via.placeholder.com/400/', 'https://via.placeholder.com/100/text=ICON', '2020-04-15 02:49:09'),
(138, 36, 37.769417, -122.471957, 'Et ullamco ea est officia. Irure dolor laborum duis eiusmod exercitation consectetur. Aute do ipsum enim sint quis sit deserunt excepteur ut aliquip fugiat.', 'https://via.placeholder.com/400/', 'https://via.placeholder.com/100/text=ICON', '2020-05-23 04:09:35'),
(139, 17, 37.771732, -122.424604, 'Sunt consequat dolor occaecat occaecat eu laboris voluptate mollit tempor exercitation aliqua. Aute et dolor qui aliqua excepteur in ea occaecat incididunt aliqua qui. Adipisicing et elit est nulla culpa ut est ullamco et amet ipsum occaecat esse.', 'https://via.placeholder.com/400/', 'https://via.placeholder.com/100/text=ICON', '2020-01-18 05:13:22'),
(140, 45, 37.778275, -122.484148, 'Ipsum cupidatat reprehenderit officia aute velit. Nostrud occaecat consectetur commodo aute. Laboris consectetur duis magna Lorem dolore esse sit sint eiusmod eu ullamco Lorem.', 'https://via.placeholder.com/400/', 'https://via.placeholder.com/100/text=ICON', '2020-07-17 10:27:56'),
(141, 6, 37.774289, -122.483168, 'Consequat occaecat sunt qui quis ut. Aute ad nulla ea sit sunt eu dolor id in. Ex voluptate duis ad ea nisi.', 'https://via.placeholder.com/400/', 'https://via.placeholder.com/100/text=ICON', '2020-04-25 02:39:19'),
(142, 24, 37.761449, -122.421299, 'Ea aute do esse Lorem voluptate incididunt nisi pariatur aliqua velit. Sit exercitation veniam dolor sint. Duis aliquip duis ut reprehenderit adipisicing commodo aute eiusmod aute culpa velit nostrud dolor amet.', 'https://via.placeholder.com/400/', 'https://via.placeholder.com/100/text=ICON', '2020-09-30 09:56:03'),
(143, 37, 37.773914, -122.433189, 'Cupidatat commodo officia enim elit commodo consectetur. Cillum exercitation sunt voluptate minim ipsum ipsum qui reprehenderit aliqua laborum est quis. Aute nostrud id sit aliqua cupidatat magna elit qui do exercitation occaecat eiusmod amet sit.', 'https://via.placeholder.com/400/', 'https://via.placeholder.com/100/text=ICON', '2020-02-28 02:10:17'),
(144, 41, 37.771837, -122.464110, 'Nostrud culpa aliquip quis dolor consequat cillum dolore reprehenderit tempor cillum nulla occaecat. Veniam et aliqua quis tempor non cupidatat. Voluptate duis culpa cillum labore tempor duis Lorem esse fugiat cillum laboris excepteur qui.', 'https://via.placeholder.com/400/', 'https://via.placeholder.com/100/text=ICON', '2020-08-25 09:21:34'),
(145, 10, 37.791288, -122.447307, 'Qui cillum veniam minim do minim dolore. Quis amet aliqua ea ullamco magna ea culpa ipsum nisi dolore veniam sint incididunt. Do adipisicing sit deserunt sunt proident velit cillum laborum.', 'https://via.placeholder.com/400/', 'https://via.placeholder.com/100/text=ICON', '2020-09-10 11:24:02'),
(146, 35, 37.776207, -122.452934, 'Magna laboris quis dolor labore cillum non laboris reprehenderit id laborum. Voluptate aute eu quis voluptate nulla labore quis. Aute mollit commodo est commodo in mollit adipisicing anim enim ea.', 'https://via.placeholder.com/400/', 'https://via.placeholder.com/100/text=ICON', '2020-08-30 07:44:13');
INSERT INTO `track_locations` (`id`, `animal_id`, `lat`, `lng`, `description`, `photo`, `icon`, `date_create`) VALUES
(147, 14, 37.791334, -122.443033, 'Nostrud velit sit ad ea veniam labore officia ad. Ex exercitation laborum mollit veniam aliqua. Deserunt consectetur ad dolor ullamco sit ipsum laboris fugiat ipsum dolor ex.', 'https://via.placeholder.com/400/', 'https://via.placeholder.com/100/text=ICON', '2020-10-20 08:04:15'),
(148, 47, 37.786054, -122.483554, 'Consequat ea sunt duis commodo anim laboris non reprehenderit do deserunt consectetur incididunt enim ut. Voluptate voluptate reprehenderit culpa labore eiusmod exercitation reprehenderit laboris eu id et non velit. Reprehenderit adipisicing labore mollit amet ut consequat enim sit eu consequat commodo in.', 'https://via.placeholder.com/400/', 'https://via.placeholder.com/100/text=ICON', '2020-02-23 06:05:21'),
(149, 28, 37.777154, -122.419488, 'Nisi ut consequat anim et mollit sit amet quis duis. Exercitation cillum sint culpa cupidatat laborum. Sit consequat dolor esse aute labore voluptate et labore veniam fugiat excepteur fugiat nisi veniam.', 'https://via.placeholder.com/400/', 'https://via.placeholder.com/100/text=ICON', '2020-09-14 02:51:59'),
(150, 12, 37.778540, -122.446350, 'Sunt proident laboris et Lorem occaecat voluptate proident laborum. Elit labore elit culpa sunt exercitation fugiat labore amet in ea. Ipsum reprehenderit anim consectetur velit consectetur enim aliquip eiusmod quis officia ex.', 'https://via.placeholder.com/400/', 'https://via.placeholder.com/100/text=ICON', '2020-02-12 10:36:51'),
(151, 24, 37.778425, -122.427431, 'Et nisi Lorem cupidatat occaecat reprehenderit tempor pariatur minim incididunt in. Commodo cupidatat ullamco elit consectetur nisi cupidatat. Lorem ea consequat qui adipisicing occaecat magna aliqua aute.', 'https://via.placeholder.com/400/', 'https://via.placeholder.com/100/text=ICON', '2020-01-17 11:30:39'),
(152, 48, 37.762760, -122.450681, 'Aliqua proident consectetur do Lorem esse eiusmod exercitation tempor ad ex dolore. Amet nulla nisi elit nostrud officia qui ad Lorem ex adipisicing excepteur consequat. Velit proident nisi id elit enim eu consectetur consequat nulla.', 'https://via.placeholder.com/400/', 'https://via.placeholder.com/100/text=ICON', '2020-05-02 10:10:38'),
(153, 8, 37.784616, -122.473788, 'Id exercitation consequat sunt voluptate culpa dolor ipsum pariatur excepteur dolore est ipsum. Aliquip labore pariatur mollit velit ipsum et dolor culpa ad laborum. Sit in irure exercitation ad incididunt occaecat sit consectetur duis tempor incididunt in cillum anim.', 'https://via.placeholder.com/400/', 'https://via.placeholder.com/100/text=ICON', '2020-06-10 04:44:26'),
(154, 28, 37.790049, -122.461619, 'Non eiusmod aute sint fugiat ut occaecat. Ipsum et consectetur eu dolore tempor. Consequat excepteur et id in anim enim anim minim.', 'https://via.placeholder.com/400/', 'https://via.placeholder.com/100/text=ICON', '2020-05-31 09:34:06'),
(155, 31, 37.763118, -122.463633, 'Consectetur duis eiusmod minim aliqua in quis mollit proident ullamco sunt consectetur qui laborum. Ut id magna reprehenderit occaecat dolore enim. Minim duis pariatur ut culpa eu enim sint enim dolor.', 'https://via.placeholder.com/400/', 'https://via.placeholder.com/100/text=ICON', '2020-01-10 09:20:16'),
(156, 6, 37.766547, -122.482215, 'Ea quis officia anim id mollit fugiat duis et dolor minim eu. Enim aliquip qui ipsum consequat velit dolore aute laborum incididunt aute magna pariatur nostrud. Dolore ad sint minim qui eu velit Lorem nisi non incididunt magna ullamco qui id.', 'https://via.placeholder.com/400/', 'https://via.placeholder.com/100/text=ICON', '2020-03-14 08:21:22'),
(157, 28, 37.781559, -122.424355, 'Laborum ad commodo consectetur in cupidatat deserunt exercitation. Ex excepteur qui elit deserunt ullamco aliquip commodo irure dolor minim eu fugiat quis esse. Pariatur incididunt voluptate elit ullamco est consequat laboris occaecat.', 'https://via.placeholder.com/400/', 'https://via.placeholder.com/100/text=ICON', '2020-09-15 05:30:44'),
(158, 23, 37.775785, -122.465494, 'Tempor ad laborum cupidatat minim tempor fugiat veniam voluptate qui amet nulla ullamco duis duis. Est qui est duis voluptate labore proident ex. Occaecat deserunt tempor ea cupidatat ex ipsum.', 'https://via.placeholder.com/400/', 'https://via.placeholder.com/100/text=ICON', '2020-07-15 07:15:53'),
(159, 45, 37.781214, -122.473373, 'Qui duis est consectetur duis officia anim reprehenderit adipisicing deserunt dolore nostrud elit aute. Eu minim in qui velit ut proident pariatur mollit culpa. Minim pariatur ad ipsum consectetur elit culpa voluptate cupidatat eu ullamco ut eu.', 'https://via.placeholder.com/400/', 'https://via.placeholder.com/100/text=ICON', '2020-06-29 05:26:50'),
(160, 23, 37.781493, -122.469065, 'Sit laboris dolore occaecat quis mollit. Ut non irure quis tempor dolor aute ad aliquip aliqua duis occaecat ex excepteur ut. Quis velit aute eiusmod Lorem do.', 'https://via.placeholder.com/400/', 'https://via.placeholder.com/100/text=ICON', '2020-10-19 08:07:15'),
(161, 21, 37.790300, -122.458052, 'Ea cupidatat excepteur ea irure reprehenderit. Quis minim dolore id sit duis consectetur excepteur voluptate ea adipisicing Lorem sunt. Occaecat et amet anim mollit eiusmod ea reprehenderit ex voluptate consequat ipsum aliquip.', 'https://via.placeholder.com/400/', 'https://via.placeholder.com/100/text=ICON', '2020-10-21 12:07:05'),
(162, 35, 37.761260, -122.469903, 'Do minim dolore eu quis tempor nulla ullamco tempor. Culpa sunt in proident Lorem proident dolore tempor dolor. In commodo id consequat eiusmod.', 'https://via.placeholder.com/400/', 'https://via.placeholder.com/100/text=ICON', '2020-10-28 09:57:34'),
(163, 6, 37.776462, -122.420719, 'Labore irure deserunt id laboris laborum reprehenderit ex amet officia laborum incididunt. Occaecat deserunt consectetur irure exercitation ea minim esse eiusmod commodo mollit mollit. Incididunt nulla anim in aute quis do anim deserunt.', 'https://via.placeholder.com/400/', 'https://via.placeholder.com/100/text=ICON', '2020-02-11 03:00:46'),
(164, 6, 37.781244, -122.416296, 'Nostrud in occaecat duis sint in nulla tempor tempor aliquip dolor officia. Consectetur dolore sit quis commodo ex deserunt ipsum mollit. Aute labore ea irure excepteur incididunt adipisicing aliquip mollit laborum labore.', 'https://via.placeholder.com/400/', 'https://via.placeholder.com/100/text=ICON', '2020-10-15 11:46:53'),
(165, 3, 37.784467, -122.435171, 'Elit eu tempor culpa reprehenderit consectetur qui. Ipsum ipsum dolor nulla veniam. Magna laboris aliqua tempor dolor aute.', 'https://via.placeholder.com/400/', 'https://via.placeholder.com/100/text=ICON', '2020-03-31 10:50:16'),
(166, 31, 37.777421, -122.444578, 'Proident dolor nisi pariatur Lorem occaecat dolor sunt reprehenderit laborum. Quis eu est id exercitation proident in nostrud dolor non ea veniam. Incididunt do consequat officia minim sit id ad commodo.', 'https://via.placeholder.com/400/', 'https://via.placeholder.com/100/text=ICON', '2020-04-06 05:47:43'),
(167, 29, 37.788226, -122.461403, 'Incididunt adipisicing elit non quis officia Lorem eu laboris aute commodo. Incididunt aute cupidatat ex minim. Commodo reprehenderit ullamco Lorem amet laborum et.', 'https://via.placeholder.com/400/', 'https://via.placeholder.com/100/text=ICON', '2020-07-17 04:17:00'),
(168, 31, 37.790222, -122.419344, 'Lorem esse eiusmod ex pariatur consectetur excepteur minim aliqua ex enim amet. Ex laborum sint veniam officia exercitation. Sit deserunt amet anim elit sint id mollit dolor id.', 'https://via.placeholder.com/400/', 'https://via.placeholder.com/100/text=ICON', '2020-04-04 03:20:28'),
(169, 36, 37.760539, -122.441729, 'Occaecat amet ullamco fugiat incididunt. Proident nostrud qui culpa fugiat laboris nisi pariatur laboris cupidatat nulla ad sint pariatur do. Minim ad incididunt cupidatat ipsum eiusmod sit adipisicing Lorem enim cillum mollit reprehenderit magna.', 'https://via.placeholder.com/400/', 'https://via.placeholder.com/100/text=ICON', '2020-01-30 01:21:47'),
(170, 15, 37.761291, -122.481248, 'Fugiat ea irure do minim Lorem consequat aliquip. Sunt commodo Lorem elit sunt nostrud. Velit aliqua ipsum ipsum occaecat nostrud id laboris.', 'https://via.placeholder.com/400/', 'https://via.placeholder.com/100/text=ICON', '2020-01-02 01:33:40'),
(171, 3, 37.767060, -122.435242, 'Do cillum excepteur labore anim eu. Qui commodo fugiat labore aute fugiat occaecat qui ullamco ad nisi eiusmod. Mollit aliqua laboris sint enim magna.', 'https://via.placeholder.com/400/', 'https://via.placeholder.com/100/text=ICON', '2020-01-23 10:32:08'),
(172, 36, 37.757233, -122.437027, 'Esse cupidatat voluptate pariatur est cupidatat labore consectetur laborum elit. Et anim non ad pariatur occaecat ex. Elit consequat id est sit aliquip.', 'https://via.placeholder.com/400/', 'https://via.placeholder.com/100/text=ICON', '2020-10-19 10:18:29'),
(173, 19, 37.786656, -122.472416, 'Qui ad officia proident consectetur commodo nostrud labore pariatur elit Lorem ea tempor amet est. Voluptate enim mollit Lorem mollit laborum qui ipsum amet eiusmod mollit eiusmod fugiat. Cillum culpa quis voluptate enim do et esse.', 'https://via.placeholder.com/400/', 'https://via.placeholder.com/100/text=ICON', '2020-08-22 05:18:25'),
(174, 3, 37.788288, -122.477605, 'Do aute velit esse minim. Commodo nisi aute duis do quis esse esse proident cupidatat sint dolore id. Sit incididunt esse ut elit ipsum culpa fugiat magna voluptate.', 'https://via.placeholder.com/400/', 'https://via.placeholder.com/100/text=ICON', '2020-01-10 09:00:32'),
(175, 42, 37.763656, -122.435338, 'Incididunt est ex elit anim officia dolor. Ea ea aliquip aute incididunt. Dolor sit sit ullamco dolor esse occaecat.', 'https://via.placeholder.com/400/', 'https://via.placeholder.com/100/text=ICON', '2020-03-06 04:20:20'),
(176, 40, 37.785911, -122.465865, 'Laboris irure non consectetur eu excepteur. Mollit do laboris et enim minim eu aute sunt eiusmod excepteur. Laborum irure aliquip ea aute dolore fugiat.', 'https://via.placeholder.com/400/', 'https://via.placeholder.com/100/text=ICON', '2020-08-25 02:33:42'),
(177, 35, 37.763409, -122.449736, 'Ex laborum excepteur cillum duis duis est deserunt aute ad officia aute aute est cillum. Dolore eu dolor quis pariatur nisi pariatur et velit voluptate qui fugiat excepteur dolor. Anim deserunt ut velit quis nisi.', 'https://via.placeholder.com/400/', 'https://via.placeholder.com/100/text=ICON', '2020-04-17 02:09:44'),
(178, 29, 37.777766, -122.433582, 'Magna magna sint elit tempor commodo excepteur elit. Ea laborum cupidatat dolore ipsum dolore enim. Sunt nulla mollit non id cillum in non sit do ut.', 'https://via.placeholder.com/400/', 'https://via.placeholder.com/100/text=ICON', '2020-01-17 09:54:43'),
(179, 32, 37.782331, -122.439928, 'Fugiat Lorem proident ea nisi pariatur ullamco do. Sint irure mollit fugiat do elit sint eiusmod minim. Esse ipsum labore veniam aliquip cillum sint nisi.', 'https://via.placeholder.com/400/', 'https://via.placeholder.com/100/text=ICON', '2020-09-22 02:33:22'),
(180, 26, 37.763135, -122.435660, 'Esse excepteur esse veniam labore cupidatat consectetur enim ut esse aute. Ad ullamco ut proident ex. Minim laboris ut labore cupidatat commodo labore qui est deserunt dolor minim.', 'https://via.placeholder.com/400/', 'https://via.placeholder.com/100/text=ICON', '2020-08-31 08:38:34'),
(181, 23, 37.791453, -122.480659, 'Nulla dolore excepteur cillum ullamco voluptate consequat voluptate nulla excepteur dolor. Laboris nisi laboris dolor fugiat qui occaecat minim occaecat quis eiusmod ullamco irure adipisicing. Cillum elit commodo id et laboris proident sunt minim voluptate exercitation quis.', 'https://via.placeholder.com/400/', 'https://via.placeholder.com/100/text=ICON', '2020-07-26 01:43:38'),
(182, 3, 37.765730, -122.417441, 'Ut in magna sit dolor aute culpa excepteur ex proident do magna labore nulla eiusmod. Culpa aute sunt non officia laboris nostrud ea irure cillum nisi elit incididunt in ea. Ullamco sit Lorem ad culpa culpa veniam cillum minim ullamco proident sunt.', 'https://via.placeholder.com/400/', 'https://via.placeholder.com/100/text=ICON', '2020-09-29 11:15:01'),
(183, 43, 37.761589, -122.443771, 'Fugiat et mollit in nulla in ex dolor qui laborum qui enim tempor laboris. Excepteur adipisicing dolor ex elit fugiat mollit culpa. Nulla minim tempor cillum commodo fugiat exercitation ex tempor laboris Lorem ipsum ad.', 'https://via.placeholder.com/400/', 'https://via.placeholder.com/100/text=ICON', '2020-01-15 09:13:35'),
(184, 7, 37.757719, -122.470007, 'Ex commodo proident voluptate quis exercitation Lorem tempor fugiat aliquip et nisi sit est labore. Ad aliquip id dolore laborum dolor. Nisi dolore est mollit esse esse ad.', 'https://via.placeholder.com/400/', 'https://via.placeholder.com/100/text=ICON', '2020-03-15 07:10:51'),
(185, 22, 37.787382, -122.444223, 'Officia dolor veniam elit eiusmod officia veniam et minim ea. Commodo ea anim excepteur id occaecat dolor anim dolor sunt magna laboris veniam. Adipisicing officia amet sunt non nisi nulla quis nostrud exercitation laboris reprehenderit.', 'https://via.placeholder.com/400/', 'https://via.placeholder.com/100/text=ICON', '2020-10-27 09:49:57'),
(186, 15, 37.786100, -122.446492, 'Reprehenderit eu qui occaecat culpa ullamco quis minim eu. Commodo do id amet enim. Sit velit qui qui cupidatat dolore dolore culpa quis esse.', 'https://via.placeholder.com/400/', 'https://via.placeholder.com/100/text=ICON', '2020-03-23 03:58:40'),
(187, 46, 37.780372, -122.444798, 'Dolor excepteur Lorem mollit eu cillum tempor est nostrud nisi in. Pariatur sunt nulla tempor irure. Nisi nulla in nostrud voluptate est commodo aliquip minim consectetur laboris.', 'https://via.placeholder.com/400/', 'https://via.placeholder.com/100/text=ICON', '2020-08-25 06:42:12'),
(188, 42, 37.780408, -122.418071, 'Eu consectetur tempor quis minim amet commodo id mollit aliquip sunt voluptate. Aliquip ullamco reprehenderit duis non amet veniam. Ipsum nulla aute eu excepteur reprehenderit tempor laborum esse ex ad do est tempor.', 'https://via.placeholder.com/400/', 'https://via.placeholder.com/100/text=ICON', '2020-01-19 10:05:47'),
(189, 9, 37.759617, -122.415100, 'Tempor consequat magna minim irure eiusmod anim in ad laboris adipisicing ullamco laboris. Qui ut ullamco ad consequat exercitation eiusmod eu incididunt exercitation velit culpa. Irure consectetur cupidatat tempor quis exercitation consectetur aute.', 'https://via.placeholder.com/400/', 'https://via.placeholder.com/100/text=ICON', '2020-10-27 12:17:33'),
(190, 18, 37.776640, -122.483664, 'Nisi qui quis dolore sit aliquip quis et commodo magna cupidatat aliquip duis sit duis. Velit occaecat proident minim dolore adipisicing quis do et nisi. Qui excepteur fugiat enim non duis minim ipsum.', 'https://via.placeholder.com/400/', 'https://via.placeholder.com/100/text=ICON', '2020-07-28 06:17:32'),
(191, 29, 37.764811, -122.463669, 'Fugiat amet adipisicing laboris eiusmod dolore ex mollit culpa esse ut do sit. Occaecat deserunt tempor elit elit ea. Anim sit Lorem culpa mollit cupidatat.', 'https://via.placeholder.com/400/', 'https://via.placeholder.com/100/text=ICON', '2020-07-12 03:38:39'),
(192, 49, 37.759152, -122.472972, 'Velit deserunt commodo minim velit nulla sint exercitation consectetur consectetur. Ut fugiat do fugiat sint. Labore eu amet pariatur sint consequat nulla minim Lorem aliqua amet enim incididunt nostrud est.', 'https://via.placeholder.com/400/', 'https://via.placeholder.com/100/text=ICON', '2020-03-18 10:36:47'),
(193, 40, 37.772791, -122.442197, 'Aute nisi voluptate dolore ullamco reprehenderit aute aliquip incididunt cillum ullamco ea duis veniam incididunt. Aliqua ea cupidatat reprehenderit est ut amet dolor nostrud sint excepteur. Labore anim labore nostrud irure ut consequat id ex consequat ad occaecat labore.', 'https://via.placeholder.com/400/', 'https://via.placeholder.com/100/text=ICON', '2020-05-06 02:06:38'),
(194, 49, 37.760413, -122.452447, 'Culpa do incididunt laboris deserunt qui. Elit adipisicing nostrud ea anim laboris. Consequat in quis esse incididunt labore.', 'https://via.placeholder.com/400/', 'https://via.placeholder.com/100/text=ICON', '2020-07-02 09:32:44'),
(195, 38, 37.773749, -122.443404, 'Irure cillum magna est amet culpa in fugiat irure. Reprehenderit ea velit irure et do mollit reprehenderit anim qui eu reprehenderit do. Proident ipsum occaecat sint officia laborum elit id aliquip consequat dolore qui.', 'https://via.placeholder.com/400/', 'https://via.placeholder.com/100/text=ICON', '2020-07-20 08:20:58'),
(196, 43, 37.784366, -122.417870, 'Reprehenderit ex labore consectetur consequat irure mollit et enim reprehenderit dolor ut ipsum quis. Reprehenderit consequat esse laboris elit aliquip mollit enim ut deserunt proident aute nulla laborum. Sit tempor fugiat excepteur duis tempor sint nostrud ullamco.', 'https://via.placeholder.com/400/', 'https://via.placeholder.com/100/text=ICON', '2020-02-08 04:50:42'),
(197, 33, 37.767268, -122.418510, 'Veniam sunt labore dolor est eiusmod ex tempor pariatur minim ad esse tempor in. Minim magna velit adipisicing ea fugiat irure reprehenderit cupidatat culpa do labore tempor sunt. Enim eu aute cupidatat irure officia officia aliquip voluptate aliqua officia aliquip pariatur culpa minim.', 'https://via.placeholder.com/400/', 'https://via.placeholder.com/100/text=ICON', '2020-09-14 12:09:00'),
(198, 46, 37.777546, -122.470019, 'Aute dolore excepteur labore dolor duis excepteur. Nostrud commodo est adipisicing duis ullamco. Quis magna ex officia incididunt mollit sunt cillum irure duis ad eiusmod laboris id culpa.', 'https://via.placeholder.com/400/', 'https://via.placeholder.com/100/text=ICON', '2020-09-18 05:05:04'),
(199, 22, 37.768646, -122.465174, 'Irure ut elit exercitation et veniam Lorem. Ut fugiat eiusmod amet exercitation reprehenderit. Occaecat est commodo culpa ipsum sunt.', 'https://via.placeholder.com/400/', 'https://via.placeholder.com/100/text=ICON', '2020-01-31 12:48:22'),
(200, 21, 37.785386, -122.469657, 'Esse cupidatat labore ipsum et reprehenderit. Nulla enim esse et elit Lorem reprehenderit ex nostrud cillum. Mollit laboris quis occaecat mollit irure cupidatat laborum eiusmod occaecat irure ipsum irure.', 'https://via.placeholder.com/400/', 'https://via.placeholder.com/100/text=ICON', '2020-02-18 12:01:07'),
(201, 6, 37.781467, -122.438537, 'Voluptate aliquip adipisicing pariatur magna. Non et labore est in aute do nostrud aliquip consectetur anim anim consequat. Amet ipsum excepteur ut aliqua ex aliquip deserunt eu.', 'https://via.placeholder.com/400/', 'https://via.placeholder.com/100/text=ICON', '2020-08-17 08:37:48'),
(202, 35, 37.774202, -122.467821, 'Fugiat nostrud id excepteur dolor sunt. Sit adipisicing exercitation ea veniam do officia labore do quis sunt sint sunt id sunt. Fugiat veniam eiusmod deserunt sunt velit voluptate aute.', 'https://via.placeholder.com/400/', 'https://via.placeholder.com/100/text=ICON', '2020-08-14 01:07:18'),
(203, 7, 37.755781, -122.425810, 'Ex proident ut tempor labore reprehenderit magna sunt anim aute aliqua. Elit eu qui ullamco consectetur commodo culpa laboris in ex. Est cupidatat pariatur officia irure minim fugiat incididunt non velit proident irure duis elit voluptate.', 'https://via.placeholder.com/400/', 'https://via.placeholder.com/100/text=ICON', '2020-06-12 06:27:21'),
(204, 8, 37.784123, -122.443109, 'Adipisicing dolor nostrud aliqua minim commodo sint minim reprehenderit nisi velit velit laboris. In do est ipsum mollit veniam. Est laboris aliquip ipsum velit enim aute fugiat voluptate nulla.', 'https://via.placeholder.com/400/', 'https://via.placeholder.com/100/text=ICON', '2020-04-24 05:14:32'),
(205, 50, 37.770496, -122.417080, 'Duis Lorem voluptate duis ex eu fugiat ullamco. Eiusmod et dolor reprehenderit ut irure ullamco. Esse veniam reprehenderit dolor dolore aliquip.', 'https://via.placeholder.com/400/', 'https://via.placeholder.com/100/text=ICON', '2020-06-06 08:06:46'),
(206, 36, 37.759025, -122.435031, 'Consequat ipsum consequat minim aliqua sunt. Reprehenderit anim ut non velit id. Aute occaecat esse minim aute aute consectetur cillum officia.', 'https://via.placeholder.com/400/', 'https://via.placeholder.com/100/text=ICON', '2020-07-16 09:32:27'),
(207, 43, 37.785261, -122.470305, 'Occaecat occaecat laboris ut commodo reprehenderit ipsum magna ipsum aliquip. Deserunt cillum irure culpa qui aliquip voluptate esse fugiat ut. Anim est tempor Lorem irure anim.', 'https://via.placeholder.com/400/', 'https://via.placeholder.com/100/text=ICON', '2020-10-08 11:26:00'),
(208, 39, 37.781612, -122.448376, 'Occaecat incididunt est fugiat Lorem veniam anim nisi minim nisi anim esse nulla. Fugiat dolor Lorem elit minim incididunt exercitation sit consequat sunt ipsum reprehenderit ullamco aute. Adipisicing ad id dolor ullamco labore eu dolore pariatur aute mollit.', 'https://via.placeholder.com/400/', 'https://via.placeholder.com/100/text=ICON', '2020-02-25 09:28:50'),
(209, 46, 37.776089, -122.433988, 'Nulla eiusmod duis amet commodo duis. Ea sunt deserunt do sit amet cillum anim anim nostrud quis do dolore elit. Fugiat sit culpa culpa enim labore cillum cupidatat.', 'https://via.placeholder.com/400/', 'https://via.placeholder.com/100/text=ICON', '2020-08-17 06:56:02'),
(210, 13, 37.774690, -122.439585, 'Laborum magna aliquip occaecat culpa ea in consectetur sit pariatur mollit nostrud. Qui ullamco non laboris id non anim nostrud. Irure elit reprehenderit irure ad occaecat proident nisi ad eiusmod nulla adipisicing anim.', 'https://via.placeholder.com/400/', 'https://via.placeholder.com/100/text=ICON', '2020-08-05 09:10:51'),
(211, 44, 37.758166, -122.440213, 'Consequat laborum excepteur enim deserunt laborum non laboris mollit quis id ipsum non. Reprehenderit eu ea labore commodo sint magna aliqua labore cupidatat excepteur. Fugiat sit amet sint cillum exercitation officia deserunt.', 'https://via.placeholder.com/400/', 'https://via.placeholder.com/100/text=ICON', '2020-08-30 12:38:06'),
(212, 5, 37.765868, -122.479153, 'Ex reprehenderit qui adipisicing non cillum. Ipsum magna do sint reprehenderit irure sunt dolor cillum eiusmod. Voluptate incididunt velit laboris sit consequat ex voluptate veniam duis adipisicing occaecat ut culpa.', 'https://via.placeholder.com/400/', 'https://via.placeholder.com/100/text=ICON', '2020-03-22 06:16:45'),
(213, 9, 37.758505, -122.439184, 'Ex elit sint commodo elit commodo aute sunt reprehenderit tempor velit pariatur anim sint eiusmod. Ipsum deserunt esse aute non dolor minim pariatur sit pariatur enim magna mollit. Duis cupidatat proident magna enim.', 'https://via.placeholder.com/400/', 'https://via.placeholder.com/100/text=ICON', '2020-03-27 02:02:42'),
(214, 26, 37.756386, -122.442451, 'Qui commodo eu voluptate eu consequat deserunt nisi proident dolore ipsum pariatur voluptate. Fugiat minim cillum tempor minim laboris. Esse magna nostrud enim exercitation cupidatat ex consectetur nisi reprehenderit est veniam nisi.', 'https://via.placeholder.com/400/', 'https://via.placeholder.com/100/text=ICON', '2020-02-12 09:10:52'),
(215, 31, 37.778211, -122.421192, 'Ipsum laboris est eu cupidatat ad. Labore voluptate fugiat proident nostrud do esse esse occaecat quis. Occaecat mollit ad nostrud laboris elit.', 'https://via.placeholder.com/400/', 'https://via.placeholder.com/100/text=ICON', '2020-01-04 10:10:03'),
(216, 31, 37.760489, -122.421521, 'Laborum aute nostrud velit id amet ipsum eu et qui labore excepteur. Qui eiusmod aliqua enim do proident exercitation labore ullamco ex sint. Minim dolor elit adipisicing aliqua pariatur.', 'https://via.placeholder.com/400/', 'https://via.placeholder.com/100/text=ICON', '2020-03-17 02:55:41'),
(217, 38, 37.780712, -122.438647, 'Aute pariatur reprehenderit nisi commodo. Est in labore eu ea laborum cillum ut laborum Lorem. Labore ea ut veniam culpa deserunt aute culpa enim ea quis.', 'https://via.placeholder.com/400/', 'https://via.placeholder.com/100/text=ICON', '2020-02-10 09:58:56'),
(218, 41, 37.782003, -122.457516, 'Exercitation aliquip laborum nisi sunt consectetur non labore irure duis ea eu mollit consectetur. Reprehenderit sit dolor reprehenderit est consequat deserunt nisi labore exercitation. Tempor irure nulla dolor id ipsum.', 'https://via.placeholder.com/400/', 'https://via.placeholder.com/100/text=ICON', '2020-03-26 05:00:21'),
(219, 39, 37.779366, -122.483116, 'Eiusmod voluptate qui duis commodo id consectetur eu. Enim aliquip ea labore elit ea. Anim ullamco sunt nulla eiusmod commodo consectetur.', 'https://via.placeholder.com/400/', 'https://via.placeholder.com/100/text=ICON', '2020-06-21 04:14:53'),
(220, 25, 37.774229, -122.430581, 'Ipsum sunt aliqua nostrud sit aute magna laborum tempor cillum aute irure aliqua. Consectetur nulla velit nulla non elit pariatur ea mollit. Id tempor cillum amet eu incididunt.', 'https://via.placeholder.com/400/', 'https://via.placeholder.com/100/text=ICON', '2020-09-11 12:59:40'),
(221, 21, 37.788263, -122.464080, 'Ullamco eiusmod fugiat velit cupidatat eu minim consectetur anim qui irure eu pariatur amet. Enim qui cillum nisi sint nisi. Enim nisi ut mollit adipisicing ad.', 'https://via.placeholder.com/400/', 'https://via.placeholder.com/100/text=ICON', '2020-10-29 06:29:49'),
(222, 1, 37.786437, -122.440574, 'Minim ad voluptate consequat ut. Esse sint sint voluptate ad voluptate. Nostrud amet commodo est occaecat magna enim sit ipsum voluptate irure.', 'https://via.placeholder.com/400/', 'https://via.placeholder.com/100/text=ICON', '2020-05-01 05:40:12'),
(223, 30, 37.766407, -122.464129, 'Mollit qui aute culpa officia consectetur voluptate ex aliquip irure labore ullamco laborum. Fugiat ipsum minim pariatur deserunt est sit cillum ex consectetur commodo. Reprehenderit non magna cillum qui officia amet qui.', 'https://via.placeholder.com/400/', 'https://via.placeholder.com/100/text=ICON', '2020-04-22 10:31:18'),
(224, 26, 37.785435, -122.478638, 'Magna nostrud dolor dolore do consectetur enim dolor duis nostrud magna. Sit magna aliquip ea ea laborum mollit. Officia officia esse exercitation aute nulla deserunt aute quis.', 'https://via.placeholder.com/400/', 'https://via.placeholder.com/100/text=ICON', '2020-01-26 04:17:23'),
(225, 15, 37.763397, -122.483958, 'Sit adipisicing est veniam aute consequat minim proident eu non sunt. Pariatur aute reprehenderit est quis consectetur. Mollit magna adipisicing ad eiusmod occaecat elit.', 'https://via.placeholder.com/400/', 'https://via.placeholder.com/100/text=ICON', '2020-10-19 05:59:19'),
(226, 8, 37.785347, -122.422276, 'Ad mollit non sint aliquip cupidatat mollit commodo dolore mollit aliquip sunt. Id officia esse ut non aliquip. Veniam excepteur irure sint reprehenderit incididunt quis labore nostrud.', 'https://via.placeholder.com/400/', 'https://via.placeholder.com/100/text=ICON', '2020-01-11 05:45:54'),
(227, 36, 37.759970, -122.457892, 'Amet in duis ea dolor anim. Est ex ea amet deserunt cillum irure dolor in. Nostrud deserunt esse ea in pariatur magna incididunt aliqua ex id.', 'https://via.placeholder.com/400/', 'https://via.placeholder.com/100/text=ICON', '2020-06-15 03:02:47'),
(228, 46, 37.786165, -122.438876, 'Incididunt nostrud commodo ipsum in amet. Proident reprehenderit ad cillum velit ipsum quis ex magna mollit proident. Cupidatat minim ullamco elit dolore ipsum proident ipsum culpa cupidatat.', 'https://via.placeholder.com/400/', 'https://via.placeholder.com/100/text=ICON', '2020-02-03 02:16:40'),
(229, 34, 37.768603, -122.452424, 'Aliquip ullamco enim adipisicing duis nisi dolore aliquip nostrud proident est cupidatat nostrud dolore excepteur. Mollit do minim laborum eu commodo est aliquip ipsum pariatur consectetur aute enim. Minim consequat incididunt in ullamco dolor anim consequat et ea.', 'https://via.placeholder.com/400/', 'https://via.placeholder.com/100/text=ICON', '2020-08-17 01:44:02'),
(230, 9, 37.759799, -122.469009, 'Incididunt enim eiusmod non velit proident ad consectetur velit consectetur. Non excepteur fugiat Lorem exercitation proident. Consectetur voluptate non non irure dolore ut irure sint quis et dolore.', 'https://via.placeholder.com/400/', 'https://via.placeholder.com/100/text=ICON', '2020-02-25 03:20:34'),
(231, 23, 37.777438, -122.416082, 'Ipsum sunt duis commodo fugiat elit ullamco. Laborum sit dolor pariatur non amet dolore velit fugiat commodo. Exercitation sit incididunt nostrud eiusmod ex commodo.', 'https://via.placeholder.com/400/', 'https://via.placeholder.com/100/text=ICON', '2020-09-28 03:38:46'),
(232, 3, 37.772141, -122.446556, 'Culpa pariatur sint aliquip magna voluptate et excepteur fugiat irure ullamco qui laborum aute veniam. Reprehenderit Lorem officia Lorem excepteur enim ad nulla tempor aute est aliqua id. Aute aliquip qui amet consequat irure nostrud veniam amet adipisicing sint irure eiusmod dolor proident.', 'https://via.placeholder.com/400/', 'https://via.placeholder.com/100/text=ICON', '2020-09-19 01:06:24'),
(233, 27, 37.770862, -122.430157, 'Nulla irure mollit cillum laboris commodo tempor commodo occaecat anim sunt minim minim aliquip reprehenderit. Mollit cillum ea fugiat occaecat anim exercitation consectetur sint commodo ipsum aute. Reprehenderit elit do magna incididunt sint exercitation reprehenderit ad exercitation.', 'https://via.placeholder.com/400/', 'https://via.placeholder.com/100/text=ICON', '2020-06-16 09:59:57'),
(234, 44, 37.787541, -122.448208, 'Labore do veniam ex eiusmod anim. Sint minim id enim sunt ipsum tempor do non quis elit quis. Laboris consectetur sit anim sint id eu minim dolore veniam ad anim adipisicing aute tempor.', 'https://via.placeholder.com/400/', 'https://via.placeholder.com/100/text=ICON', '2020-05-29 02:13:46'),
(235, 11, 37.767266, -122.478080, 'Amet est reprehenderit sit do amet dolor deserunt reprehenderit. Irure esse ut amet anim consequat. Deserunt ullamco ut deserunt nisi voluptate.', 'https://via.placeholder.com/400/', 'https://via.placeholder.com/100/text=ICON', '2020-01-13 01:07:28'),
(236, 11, 37.772121, -122.473197, 'Irure ea aliquip cupidatat sit aliqua. Eiusmod veniam nulla sit consectetur Lorem nulla Lorem id. Adipisicing irure veniam proident ex quis consectetur fugiat ut.', 'https://via.placeholder.com/400/', 'https://via.placeholder.com/100/text=ICON', '2020-06-18 03:22:10'),
(237, 47, 37.766127, -122.425424, 'Cillum laborum duis eiusmod consectetur sit officia sunt aliquip incididunt laborum. Sit veniam nulla tempor aliquip eu dolor elit ipsum exercitation amet. Esse dolor quis sunt ad tempor dolor dolore elit id exercitation exercitation velit aliquip.', 'https://via.placeholder.com/400/', 'https://via.placeholder.com/100/text=ICON', '2020-08-06 07:40:45'),
(238, 32, 37.780065, -122.417234, 'Esse dolor ullamco nisi adipisicing non. Lorem culpa ea in exercitation velit in do velit eu. Mollit et sunt laborum aliquip dolor culpa minim Lorem quis nulla labore consectetur voluptate excepteur.', 'https://via.placeholder.com/400/', 'https://via.placeholder.com/100/text=ICON', '2020-01-13 03:20:20'),
(239, 9, 37.768480, -122.460770, 'Ea ut sunt id sit excepteur elit est. Qui exercitation irure mollit consectetur sunt duis proident ipsum fugiat sit. Esse excepteur sint ad enim ad enim reprehenderit consequat laborum commodo amet culpa non cupidatat.', 'https://via.placeholder.com/400/', 'https://via.placeholder.com/100/text=ICON', '2020-05-02 04:07:22'),
(240, 21, 37.767749, -122.463291, 'Sint pariatur magna cillum aliquip quis est occaecat nisi aliqua excepteur qui duis tempor. Magna labore veniam quis occaecat veniam culpa qui esse sunt. Excepteur duis culpa commodo magna id enim in amet fugiat duis pariatur laborum nostrud.', 'https://via.placeholder.com/400/', 'https://via.placeholder.com/100/text=ICON', '2020-06-07 07:11:26'),
(241, 2, 37.772985, -122.484112, 'Consectetur cupidatat consectetur non deserunt reprehenderit laborum in. Ipsum sint dolore ex et amet tempor dolore nostrud do nisi cillum labore proident ullamco. Quis ut sint consequat id ea amet irure ipsum Lorem.', 'https://via.placeholder.com/400/', 'https://via.placeholder.com/100/text=ICON', '2020-01-26 06:35:47'),
(242, 12, 37.768090, -122.447760, 'Id minim quis mollit in anim laboris sint laborum laborum mollit et. Irure dolor qui veniam laborum do elit deserunt. Culpa aliquip labore fugiat irure aliqua fugiat consequat aliquip incididunt officia.', 'https://via.placeholder.com/400/', 'https://via.placeholder.com/100/text=ICON', '2020-07-11 08:35:54'),
(243, 39, 37.758164, -122.476853, 'Voluptate veniam veniam magna aute commodo minim irure esse dolor ut ut. Elit ad velit exercitation adipisicing ea Lorem aliquip id ad culpa ea quis voluptate mollit. Ullamco non pariatur qui incididunt proident.', 'https://via.placeholder.com/400/', 'https://via.placeholder.com/100/text=ICON', '2020-06-05 08:45:05'),
(244, 26, 37.773140, -122.427952, 'Lorem est Lorem deserunt excepteur adipisicing amet do cillum nisi. Duis occaecat anim qui culpa ad laborum. Nulla adipisicing ipsum quis velit anim culpa ea incididunt.', 'https://via.placeholder.com/400/', 'https://via.placeholder.com/100/text=ICON', '2020-06-10 12:27:39'),
(245, 6, 37.758927, -122.422579, 'Ipsum dolor cillum sint quis enim dolor nulla qui deserunt consectetur exercitation in. Culpa dolor cupidatat aliqua fugiat pariatur Lorem magna aute dolor commodo tempor labore. Nulla dolore voluptate labore dolor non irure reprehenderit irure eiusmod et.', 'https://via.placeholder.com/400/', 'https://via.placeholder.com/100/text=ICON', '2020-04-04 09:19:52'),
(246, 4, 37.772904, -122.468304, 'Tempor fugiat nulla ut excepteur. Proident culpa nulla nulla quis laboris dolore anim consectetur aliquip officia labore irure. Sit reprehenderit consequat elit dolor voluptate enim elit incididunt ad.', 'https://via.placeholder.com/400/', 'https://via.placeholder.com/100/text=ICON', '2020-01-11 04:25:56'),
(247, 21, 37.783669, -122.439413, 'Proident dolor nulla dolore irure ex in cillum reprehenderit. Sit voluptate aute dolor fugiat culpa ipsum commodo minim anim. Dolor ut cillum ut est nulla ipsum in ullamco excepteur.', 'https://via.placeholder.com/400/', 'https://via.placeholder.com/100/text=ICON', '2020-01-03 03:49:56'),
(248, 40, 37.766761, -122.463845, 'Eu sit reprehenderit non pariatur eiusmod enim. Officia consectetur proident sint aute elit aliqua reprehenderit ad incididunt eu tempor. Minim laboris dolor amet ipsum excepteur veniam amet irure fugiat consectetur irure.', 'https://via.placeholder.com/400/', 'https://via.placeholder.com/100/text=ICON', '2020-03-19 10:09:06'),
(249, 36, 37.756051, -122.435101, 'Labore eiusmod non aliqua sit minim amet in deserunt cupidatat eiusmod eu dolore. Ullamco aute exercitation id eu anim exercitation nisi elit pariatur. Incididunt Lorem sunt qui officia ea dolore esse occaecat.', 'https://via.placeholder.com/400/', 'https://via.placeholder.com/100/text=ICON', '2020-04-15 11:24:05'),
(250, 21, 37.784862, -122.435445, 'Ad eu ad do elit est magna veniam eu anim irure minim amet. Aliqua minim ipsum aliqua officia dolore nisi minim proident id sint. Dolore nisi ullamco adipisicing consequat tempor.', 'https://via.placeholder.com/400/', 'https://via.placeholder.com/100/text=ICON', '2020-05-18 07:12:32');

-- --------------------------------------------------------

--
-- Table structure for table `track_users`
--

CREATE TABLE `track_users` (
  `id` int(11) NOT NULL,
  `name` varchar(64) COLLATE utf8_unicode_ci NOT NULL,
  `username` varchar(64) COLLATE utf8_unicode_ci NOT NULL,
  `email` varchar(128) COLLATE utf8_unicode_ci NOT NULL,
  `password` varchar(32) COLLATE utf8_unicode_ci NOT NULL,
  `img` varchar(256) COLLATE utf8_unicode_ci NOT NULL,
  `date_create` datetime NOT NULL
) ENGINE=InnoDB DEFAULT CHARSET=utf8 COLLATE=utf8_unicode_ci;

--
-- Dumping data for table `track_users`
--

INSERT INTO `track_users` (`id`, `name`, `username`, `email`, `password`, `img`, `date_create`) VALUES
(1, 'Cristina Buckley', 'user1', 'user1@gmail.com', '1a1dc91c907325c69271ddf0c944bc72', 'https://via.placeholder.com/400/825/fff/?text=user1', '2020-03-22 02:37:12'),
(2, 'Alba Odom', 'user2', 'user2@gmail.com', '1a1dc91c907325c69271ddf0c944bc72', 'https://via.placeholder.com/400/780/fff/?text=user2', '2020-07-19 07:33:27'),
(3, 'Hood Davis', 'user3', 'user3@gmail.com', '1a1dc91c907325c69271ddf0c944bc72', 'https://via.placeholder.com/400/943/fff/?text=user3', '2020-01-22 06:37:06'),
(4, 'Pollard Oneill', 'user4', 'user4@gmail.com', '1a1dc91c907325c69271ddf0c944bc72', 'https://via.placeholder.com/400/806/fff/?text=user4', '2020-01-22 12:01:28'),
(5, 'Brooke Livingston', 'user5', 'user5@gmail.com', '1a1dc91c907325c69271ddf0c944bc72', 'https://via.placeholder.com/400/980/fff/?text=user5', '2020-09-02 12:46:22'),
(6, 'Baxter Phelps', 'user6', 'user6@gmail.com', '1a1dc91c907325c69271ddf0c944bc72', 'https://via.placeholder.com/400/980/fff/?text=user6', '2020-06-02 02:17:57'),
(7, 'Megan Leon', 'user7', 'user7@gmail.com', '1a1dc91c907325c69271ddf0c944bc72', 'https://via.placeholder.com/400/704/fff/?text=user7', '2020-08-22 08:41:06'),
(8, 'Michelle Hancock', 'user8', 'user8@gmail.com', '1a1dc91c907325c69271ddf0c944bc72', 'https://via.placeholder.com/400/710/fff/?text=user8', '2020-09-13 09:40:56'),
(9, 'Althea Caldwell', 'user9', 'user9@gmail.com', '1a1dc91c907325c69271ddf0c944bc72', 'https://via.placeholder.com/400/810/fff/?text=user9', '2020-10-16 05:10:10'),
(10, 'Tamara Moran', 'user10', 'user10@gmail.com', '1a1dc91c907325c69271ddf0c944bc72', 'https://via.placeholder.com/400/994/fff/?text=user10', '2020-01-27 06:11:34');

--
-- Indexes for dumped tables
--

--
-- Indexes for table `track_animals`
--
ALTER TABLE `track_animals`
  ADD PRIMARY KEY (`id`);

--
-- Indexes for table `track_locations`
--
ALTER TABLE `track_locations`
  ADD PRIMARY KEY (`id`);

--
-- Indexes for table `track_users`
--
ALTER TABLE `track_users`
  ADD PRIMARY KEY (`id`);

--
-- AUTO_INCREMENT for dumped tables
--

--
-- AUTO_INCREMENT for table `track_animals`
--
ALTER TABLE `track_animals`
  MODIFY `id` int(11) NOT NULL AUTO_INCREMENT, AUTO_INCREMENT=51;

--
-- AUTO_INCREMENT for table `track_locations`
--
ALTER TABLE `track_locations`
  MODIFY `id` int(11) NOT NULL AUTO_INCREMENT, AUTO_INCREMENT=251;

--
-- AUTO_INCREMENT for table `track_users`
--
ALTER TABLE `track_users`
  MODIFY `id` int(11) NOT NULL AUTO_INCREMENT, AUTO_INCREMENT=11;
COMMIT;
